ID,log(g),e_,[Fe/H],e_,Teff [K],e_,E(B-V),Plx [mas],e_,mBT [mag],e_,mVT [mag],e_,mG [mag],e_,mBP [mag],e_,mRP [mag],e_,mJ [mag],e_,mH [mag],e_,mK [mag],e_,BC_BT [mag],e_,BC_VT [mag],e_,BC_G [mag],e_,BC_BP [mag],e_,BC_RP [mag],e_,BC_J [mag],e_,BC_H [mag],e_,BC_K [mag],e_,R_star_old [solar ray],e_,R_exo_old [solar ray],e_
WASP-001,4.195,0.017,0.14,0.07,6160,64,0,2.611,0.0218,12.241,0.208,11.393,0.129,11.532,0.002774,11.827,0.002854,11.075,0.003796,10.586,0.019,10.364,0.016,10.276,0.018,-0.665,0.029,-0.061,0.009,0.106,0.006,-0.165,0.011,0.526,0.011,0.984,0.022,1.201,0.030,1.278,0.032,1.47,0.032,1.483,0.034
WASP-002,4.536,0.015,0.04,0.05,5170,60,0,6.578,0.027,12.83,0.303,12.033,0.214,11.572,0.002791,12.018,0.002856,10.936,0.003828,10.166,0.027,9.752,0.026,9.632,0.024,-1.269,0.046,-0.283,0.022,0.015,0.011,-0.42,0.022,0.6,0.003,1.306,0.018,1.71,0.032,1.82,0.034,0.821,0.014,1.06,0.025
WASP-003,4.26,0.04,0.161,0.063,6340,90,0,4.334,0.012,11.155,0.055,10.684,0.054,10.454,0.002762,10.702,0.002826,10.049,0.003788,9.603,0.02,9.407,0.014,9.361,0.015,-0.593,0.033,-0.042,0.010,0.109,0.005,-0.138,0.012,0.503,0.014,0.924,0.029,1.115,0.041,1.189,0.042,1.298,0.053,1.346,0.063
WASP-004,4.487,0.01,-0.03,0.09,5540,55,0,3.662,0.0147,13.792,0.414,12.597,0.23,12.305,0.00278,12.685,0.002943,11.766,0.003866,11.179,0.025,10.842,0.026,10.746,0.021,-0.989,0.034,-0.175,0.013,0.062,0.007,-0.3,0.014,0.581,0.007,1.184,0.017,1.513,0.027,1.606,0.029,0.91,0.018,1.364,0.028
WASP-005,4.379,0.03,0.09,0.09,5770,65,0,3.188,0.015,9.833,0.022,8.485,0.013,11.988,0.002777,12.33,0.003001,11.486,0.003867,10.949,0.022,10.65,0.025,10.598,0.023,-0.862,0.036,-0.122,0.012,0.086,0.006,-0.241,0.014,0.569,0.008,1.114,0.021,1.395,0.031,1.482,0.033,1.088,0.04,1.175,0.055
WASP-006,4.487,0.017,-0.2,0.09,5375,65,0,5.007,0.013,13.159,0.351,12.017,0.182,11.969,0.002772,12.356,0.003151,11.415,0.003898,10.769,0.026,10.445,0.025,10.325,0.025,-1.072,0.043,-0.223,0.018,0.036,0.009,-0.349,0.019,0.579,0.007,1.23,0.020,1.598,0.032,1.694,0.035,0.864,0.025,1.23,0.037
WASP-007,4.218,0.048,0.0,0.1,6520,70,0,6.19,0.0176,10.072,0.027,9.56,0.022,9.384,0.002761,9.61,0.002806,9.002,0.003795,8.648,0.027,8.414,0.042,8.396,0.023,-0.52,0.024,-0.042,0.010,0.096,0.008,-0.127,0.010,0.46,0.015,0.853,0.025,1.026,0.033,1.094,0.035,1.478,0.088,1.374,0.094
WASP-008,4.498,0.018,0.29,0.03,5690,36,0,11.105,0.0175,10.689,0.029,9.871,0.021,9.619,0.002779,9.977,0.002998,9.095,0.003865,8.501,0.027,8.218,0.049,8.086,0.023,-0.938,0.021,-0.128,0.007,0.092,0.003,-0.256,0.008,0.594,0.004,1.152,0.011,1.437,0.016,1.532,0.018,0.976,0.021,1.165,0.033
WASP-010,4.62,0.05,0.05,0.08,4735,69,0,7.072,0.0135,12.303,0.171,11.777,0.158,12.164,0.002779,12.736,0.003035,11.452,0.00387,10.603,0.026,10.117,0.029,9.983,0.018,-1.689,0.077,-0.514,0.046,-0.093,0.022,-0.637,0.042,0.583,0.008,1.436,0.019,1.957,0.040,2.088,0.043,0.678,0.032,1.039,0.049
WASP-011,4.569,0.018,0.12,0.09,4900,65,0,7.7,0.0579,12.845,0.296,11.679,0.15,11.559,0.00287,12.072,0.003107,10.873,0.003871,10.015,0.02,9.56,0.019,9.421,0.017,-1.527,0.069,-0.411,0.038,-0.043,0.018,-0.544,0.035,0.599,0.006,1.391,0.020,1.86,0.038,1.985,0.041,0.772,0.015,0.99,0.023
WASP-012,4.157,0.013,0.21,0.04,6313,52,0,2.421,0.0166,12.259,0.207,11.635,0.16,11.499,0.002815,11.779,0.00295,11.028,0.004104,10.477,0.021,10.228,0.022,10.188,0.02,-0.603,0.021,-0.038,0.006,0.114,0.003,-0.138,0.008,0.512,0.008,0.937,0.017,1.128,0.024,1.203,0.025,1.657,0.046,1.9,0.057
WASP-013,4.086,0.033,0.11,0.05,6025,21,0,4.331,0.0195,11.4,0.084,10.512,0.055,10.383,0.002761,10.675,0.002814,9.924,0.003795,9.442,0.021,9.182,0.016,9.119,0.016,-0.722,0.010,-0.079,0.005,0.101,0.004,-0.188,0.004,0.541,0.005,1.028,0.007,1.266,0.009,1.347,0.010,1.657,0.079,1.528,0.084
WASP-014,4.312,0.061,0.0,0.04,6462,75,0,6.221,0.0172,10.28,0.029,9.798,0.026,9.653,0.002764,9.875,0.002828,9.27,0.00382,8.869,0.021,8.65,0.019,8.621,0.019,-0.544,0.025,-0.048,0.006,0.095,0.003,-0.135,0.008,0.469,0.012,0.873,0.025,1.055,0.035,1.123,0.036,1.318,0.095,1.24,0.12
WASP-015,4.189,0.021,0.09,0.04,6573,70,0,3.489,0.0176,11.41,0.068,11.016,0.073,10.798,0.002768,11.05,0.002899,10.387,0.003869,9.956,0.023,9.713,0.025,9.693,0.023,-0.503,0.022,-0.028,0.006,0.104,0.003,-0.114,0.008,0.46,0.011,0.84,0.023,1.003,0.032,1.071,0.033,1.522,0.044,1.408,0.046
WASP-016,4.357,0.022,0.07,0.1,5630,70,0,5.191,0.0262,12.863,0.317,11.425,0.121,11.121,0.002773,11.487,0.002883,10.587,0.003791,9.984,0.024,9.659,0.022,9.589,0.023,-0.942,0.047,-0.15,0.016,0.075,0.008,-0.275,0.019,0.581,0.009,1.159,0.025,1.466,0.037,1.558,0.040,1.087,0.042,1.218,0.04
WASP-017,4.149,0.014,-0.25,0.09,6550,100,0,2.481,0.0255,11.881,0.081,11.619,0.111,11.383,0.002786,11.639,0.002852,10.966,0.003801,10.509,0.027,10.319,0.024,10.224,0.027,-0.504,0.034,-0.061,0.011,0.076,0.008,-0.139,0.012,0.433,0.020,0.828,0.039,1.006,0.053,1.071,0.055,1.583,0.041,1.932,0.053
WASP-018,4.353,0.017,0.1,0.08,6400,70,0,8.144,0.0116,9.854,0.023,9.357,0.018,9.174,0.002761,9.411,0.002825,8.777,0.003797,8.409,0.018,8.231,0.055,8.131,0.027,-0.571,0.026,-0.044,0.008,0.103,0.007,-0.136,0.009,0.488,0.014,0.9,0.024,1.087,0.032,1.157,0.034,1.255,0.028,1.204,0.028
WASP-019,4.3932,0.0066,0.14,0.11,5460,90,0,3.752,0.009,12.012,0.104,11.319,0.082,12.101,0.002784,12.496,0.003069,11.543,0.003948,10.911,0.026,10.602,0.022,10.481,0.023,-1.064,0.062,-0.187,0.021,0.062,0.010,-0.32,0.024,0.598,0.010,1.219,0.027,1.554,0.042,1.654,0.046,1.018,0.015,1.41,0.021
WASP-020,4.296,0.03,0.07,0.02,5987,20,0,3.47,0.7095,11.312,0.059,10.736,0.054,10.839,0.010082,10.948,0.002933,10.191,0.003791,9.701,0.021,9.417,0.021,9.39,0.024,-0.743,0.010,-0.089,0.003,0.096,0.001,-0.198,0.004,0.543,0.003,1.039,0.007,1.286,0.010,1.366,0.010,1.242,0.045,1.382,0.057
WASP-021,4.277,0.026,-0.22,0.04,5924,55,0,3.909,0.0197,11.978,0.143,11.307,0.119,11.398,0.002769,11.724,0.002894,10.901,0.003803,10.35,0.023,10.085,0.022,9.982,0.017,-0.748,0.027,-0.118,0.007,0.075,0.003,-0.22,0.010,0.527,0.008,1.044,0.020,1.313,0.028,1.39,0.030,1.136,0.051,1.162,0.054
WASP-022,4.338,0.027,0.26,0.03,6153,46,0,3.153,0.0327,12.452,0.19,12.036,0.176,11.585,0.002777,11.874,0.002846,11.13,0.003803,10.634,0.021,10.392,0.023,10.318,0.02,-0.683,0.021,-0.054,0.006,0.114,0.002,-0.162,0.007,0.539,0.007,0.994,0.015,1.207,0.022,1.287,0.023,1.255,0.03,1.199,0.046
WASP-023,4.531,0.029,0.05,0.06,5046,99,0,4.86,0.0086,13.629,0.346,12.641,0.212,12.314,0.002759,12.768,0.002841,11.699,0.003789,10.96,0.023,10.514,0.021,10.45,0.023,-1.375,0.079,-0.335,0.041,-0.009,0.020,-0.471,0.040,0.6,0.004,1.345,0.027,1.778,0.051,1.894,0.055,0.819,0.033,1.067,0.045
WASP-024,4.267,0.022,-0.02,0.1,6107,77,0,3.033,0.0208,12.183,0.174,11.306,0.108,11.389,0.002799,11.675,0.002923,10.944,0.003803,10.457,0.022,10.219,0.026,10.148,0.023,-0.679,0.031,-0.081,0.011,0.093,0.008,-0.182,0.011,0.519,0.014,0.993,0.025,1.225,0.034,1.301,0.036,1.317,0.041,1.303,0.047
WASP-025,4.53,0.015,0.06,0.03,5736,35,0,4.65,0.023,12.345,0.2,11.922,0.193,11.682,0.002769,12.043,0.002849,11.154,0.003802,10.596,0.027,10.268,0.023,10.174,0.021,-0.882,0.018,-0.13,0.006,0.083,0.003,-0.25,0.008,0.571,0.004,1.124,0.011,1.413,0.016,1.501,0.017,0.924,0.018,1.247,0.032
WASP-026,4.26,0.022,-0.02,0.09,6015,55,0,3.957,0.0247,11.687,0.074,11.337,0.089,10.994,0.002765,11.294,0.002843,10.528,0.003805,10.021,0.022,9.775,0.023,9.69,0.023,-0.721,0.025,-0.092,0.009,0.09,0.006,-0.197,0.010,0.532,0.010,1.024,0.018,1.271,0.026,1.349,0.027,1.284,0.036,1.216,0.047
WASP-028,4.37,0.018,-0.2,0.07,6084,45,0,2.922,0.0151,12.776,0.351,10.327,0.052,12.021,0.002765,12.319,0.002909,11.556,0.003797,11.078,0.026,10.762,0.023,10.732,0.024,-0.681,0.019,-0.098,0.007,0.079,0.005,-0.194,0.007,0.508,0.009,0.991,0.016,1.235,0.022,1.308,0.023,1.083,0.025,1.219,0.028
WASP-029,4.54,0.04,0.11,0.14,4875,65,0,11.435,0.0151,12.356,0.134,11.423,0.076,10.895,0.002761,11.454,0.002854,10.193,0.003806,9.353,0.021,8.875,0.019,8.783,0.02,-1.549,0.078,-0.424,0.042,-0.049,0.020,-0.556,0.038,0.596,0.009,1.398,0.021,1.875,0.040,2.0,0.044,0.808,0.044,0.775,0.031
WASP-030,4.25,0.018,0.07,0.08,6190,50,0,2.808,0.0202,12.206,0.194,11.945,0.217,11.35,0.002775,11.621,0.002888,10.924,0.003816,10.508,0.026,10.283,0.023,10.199,0.024,-0.648,0.022,-0.064,0.009,0.101,0.006,-0.164,0.009,0.516,0.010,0.97,0.017,1.186,0.024,1.261,0.025,1.389,0.033,0.951,0.028
WASP-031,4.308,0.02,-0.2,0.09,6175,70,0,2.576,0.0163,12.074,0.18,11.7,0.198,11.809,0.00277,12.069,0.002859,11.389,0.003801,10.912,0.022,10.709,0.022,10.65,0.027,-0.641,0.028,-0.089,0.009,0.08,0.006,-0.181,0.010,0.495,0.012,0.959,0.024,1.19,0.034,1.26,0.036,1.252,0.033,1.549,0.05
WASP-032,4.39,0.03,-0.13,0.1,6100,100,0,3.571,0.0373,12.252,0.18,11.347,0.108,11.409,0.002779,11.692,0.002829,10.963,0.003796,10.503,0.022,10.248,0.028,10.161,0.023,-0.679,0.047,-0.091,0.014,0.084,0.007,-0.189,0.017,0.511,0.016,0.989,0.037,1.228,0.053,1.302,0.055,1.11,0.05,1.18,0.07
WASP-033,4.27,0.01,0.1,0.2,7430,100,0,8.224,0.0327,8.471,0.015,8.176,0.012,8.083,0.002782,8.209,0.00312,7.837,0.003861,7.581,0.021,7.516,0.024,7.468,0.024,-0.301,0.021,0.009,0.020,0.079,0.017,-0.056,0.018,0.312,0.024,0.553,0.034,0.615,0.044,0.676,0.045,1.509,0.03,1.679,0.03
WASP-034,4.5,0.1,0.08,0.04,5704,26,0,7.621,0.0164,11.238,0.089,10.371,0.061,10.205,0.002767,10.547,0.002829,9.701,0.003787,9.172,0.026,8.842,0.042,8.792,0.021,-0.902,0.015,-0.135,0.005,0.082,0.003,-0.257,0.006,0.576,0.004,1.136,0.008,1.429,0.012,1.518,0.013,0.93,0.12,1.22,0.11
WASP-035,4.4,0.02,-0.05,0.05,6072,62,0,4.941,0.016,11.68,0.091,11.009,0.085,10.855,0.00276,11.158,0.002807,10.383,0.003792,9.887,0.03,9.598,0.023,9.525,0.021,-0.697,0.026,-0.088,0.008,0.089,0.004,-0.19,0.010,0.522,0.009,1.003,0.020,1.243,0.029,1.319,0.030,1.09,0.03,1.32,0.05
WASP-036,4.486,0.009,-0.01,0.05,5928,59,0,2.649,0.0129,12.772,0.287,12.454,0.259,12.618,0.002771,12.928,0.002856,12.146,0.003832,11.609,0.028,11.353,0.027,11.294,0.026,-0.771,0.030,-0.104,0.010,0.088,0.004,-0.213,0.012,0.544,0.008,1.055,0.020,1.316,0.030,1.396,0.032,0.985,0.014,1.327,0.021
WASP-037,4.39,0.03,-0.4,0.12,5940,55,0,2.626,0.0173,10.452,0.063,9.854,0.057,12.538,0.002784,12.851,0.0029,12.046,0.003804,11.499,0.022,11.181,0.026,11.093,0.023,-0.733,0.027,-0.129,0.010,0.063,0.007,-0.226,0.010,0.511,0.012,1.03,0.021,1.303,0.030,1.377,0.031,1.003,0.053,1.16,0.07
WASP-038,4.8,0.07,0.06,0.04,6436,60,0,7.337,0.0181,9.958,0.028,9.447,0.024,9.218,0.002761,9.485,0.002811,8.784,0.00379,8.287,0.023,8.106,0.047,7.998,0.04,-0.576,0.022,-0.052,0.006,0.096,0.004,-0.14,0.007,0.48,0.011,0.886,0.023,1.075,0.031,1.142,0.032,1.35,0.03,1.07,0.02
WASP-039,4.453,0.018,0.01,0.09,5485,50,0,4.644,0.0144,12.943,0.45,11.07,0.123,11.881,0.002765,12.28,0.002984,11.316,0.003803,10.663,0.024,10.307,0.023,10.202,0.023,-1.03,0.035,-0.186,0.013,0.059,0.007,-0.315,0.014,0.587,0.007,1.204,0.017,1.541,0.026,1.637,0.028,0.939,0.022,1.279,0.04
WASP-041,4.538,0.009,0.06,0.04,5546,33,0,6.119,0.0203,12.531,0.176,11.714,0.117,11.28,0.002843,11.67,0.003079,10.731,0.003905,10.096,0.024,9.752,0.024,9.677,0.019,-0.999,0.019,-0.17,0.007,0.067,0.003,-0.297,0.008,0.587,0.003,1.187,0.010,1.51,0.015,1.605,0.016,0.886,0.012,1.178,0.018
WASP-042,4.515,0.023,0.29,0.05,5315,79,0,5.621,0.0153,10.844,0.041,10.128,0.03,11.962,0.002762,12.454,0.002878,11.308,0.003793,10.542,0.025,10.103,0.022,10.033,0.022,-1.199,0.059,-0.227,0.024,0.049,0.011,-0.367,0.026,0.615,0.004,1.273,0.024,1.63,0.039,1.741,0.042,0.892,0.021,1.122,0.039
WASP-043,4.71,0.09,0.15,0.1,4240,30,0,11.474,0.0163,11.742,0.079,10.895,0.064,11.894,0.002879,12.66,0.003999,11.04,0.004466,9.995,0.024,9.397,0.025,9.267,0.026,-2.362,0.039,-0.963,0.033,-0.317,0.017,-1.049,0.032,0.495,0.008,1.573,0.009,2.242,0.015,2.407,0.017,0.698,0.014,1.08,0.02
WASP-044,4.526,0.02,0.06,0.1,5400,150,0,2.764,0.0199,9.003,0.018,8.897,0.016,12.884,0.00278,13.273,0.003084,12.336,0.003934,11.702,0.023,11.408,0.025,11.341,0.026,-1.097,0.122,-0.207,0.052,0.051,0.024,-0.34,0.055,0.596,0.010,1.235,0.052,1.586,0.087,1.687,0.094,0.865,0.038,1.002,0.038
WASP-045,4.47,0.014,0.36,0.12,5100,200,0,4.652,0.0226,13.826,0.428,11.984,0.176,12.04,0.00277,12.484,0.002839,11.441,0.003799,10.753,0.024,10.365,0.026,10.294,0.021,-1.39,0.200,-0.31,0.105,0.012,0.050,-0.451,0.100,0.619,0.014,1.343,0.066,1.744,0.120,1.868,0.130,0.917,0.024,0.992,0.038
WASP-046,4.489,0.013,-0.37,0.13,5600,150,0,2.688,0.0131,10.122,0.027,9.783,0.026,12.84,0.002769,13.177,0.002906,12.339,0.003811,11.753,0.023,11.465,0.025,11.401,0.026,-0.91,0.085,-0.179,0.029,0.05,0.012,-0.292,0.034,0.552,0.016,1.147,0.048,1.478,0.074,1.563,0.079,0.858,0.027,1.174,0.037
WASP-047b,4.3437,0.0063,0.36,0.05,5576,67,0,3.701,0.0201,13.369,0.425,11.701,0.168,11.782,0.002769,12.172,0.002893,11.229,0.003826,10.613,0.022,10.31,0.022,10.192,0.026,-1.02,0.049,-0.149,0.018,0.086,0.008,-0.285,0.020,0.608,0.006,1.193,0.024,1.493,0.037,1.595,0.040,1.137,0.013,1.128,0.013
WASP-047c,4.3437,0.0063,0.36,0.05,5576,67,0,3.701,0.0201,13.369,0.425,11.701,0.168,11.782,0.002769,12.172,0.002893,11.229,0.003826,10.613,0.022,10.31,0.022,10.192,0.026,-1.02,0.048,-0.149,0.017,0.086,0.007,-0.285,0.019,0.608,0.006,1.193,0.023,1.493,0.035,1.595,0.038,1.137,0.013,0.1613,0.0023
WASP-047d,4.3437,0.0063,0.36,0.05,5576,67,0,3.701,0.0201,13.369,0.425,11.701,0.168,11.782,0.002769,12.172,0.002893,11.229,0.003826,10.613,0.022,10.31,0.022,10.192,0.026,-1.02,0.046,-0.149,0.017,0.086,0.008,-0.285,0.019,0.608,0.006,1.193,0.022,1.493,0.034,1.595,0.037,1.137,0.013,0.3182,0.004
WASP-048,4.101,0.023,-0.12,0.12,6000,150,0,2.164,0.0104,12.455,0.182,11.722,0.135,11.519,0.002763,11.785,0.00289,11.095,0.003816,10.627,0.025,10.441,0.032,10.372,0.022,-0.714,0.066,-0.099,0.021,0.084,0.010,-0.202,0.025,0.525,0.020,1.024,0.047,1.275,0.069,1.353,0.072,1.519,0.051,1.396,0.051
WASP-049,4.406,0.019,-0.23,0.07,5600,150,0,5.132,0.0158,12.048,0.097,11.418,0.077,11.289,0.002766,11.653,0.002832,10.757,0.003797,10.146,0.024,9.812,0.027,9.749,0.021,-0.923,0.098,-0.171,0.035,0.057,0.015,-0.288,0.041,0.561,0.015,1.154,0.055,1.479,0.087,1.566,0.092,1.038,0.038,1.198,0.047
WASP-050,4.509,0.013,0.13,0.04,5518,42,0,5.487,0.0174,12.694,0.271,11.55,0.13,11.544,0.002809,11.933,0.003168,10.993,0.003927,10.401,0.022,10.041,0.022,9.969,0.021,-1.026,0.031,-0.173,0.011,0.068,0.005,-0.304,0.013,0.594,0.004,1.2,0.015,1.525,0.024,1.622,0.026,0.855,0.019,1.138,0.026
WASP-052,4.553,0.01,0.03,0.12,5000,100,0,5.726,0.0134,11.704,0.078,10.8,0.064,11.946,0.002871,12.416,0.003789,11.32,0.004233,10.588,0.022,10.186,0.028,10.086,0.025,-1.413,0.089,-0.357,0.046,-0.02,0.022,-0.492,0.044,0.598,0.007,1.358,0.028,1.804,0.053,1.922,0.057,0.786,0.016,1.253,0.027
WASP-053,4.553,0.02,0.22,0.11,4950,60,0,4.985,0.0113,13.007,0.284,12.119,0.189,12.336,0.002766,12.823,0.002904,11.696,0.003832,10.959,0.026,10.474,0.022,10.39,0.023,-1.499,0.062,-0.385,0.031,-0.027,0.014,-0.52,0.029,0.606,0.007,1.381,0.018,1.831,0.032,1.956,0.035,0.798,0.023,1.074,0.037
WASP-054,3.997,0.035,0.0,0.04,6296,40,0,3.986,0.02,11.139,0.071,10.482,0.059,10.248,0.002775,10.518,0.002947,9.815,0.00383,9.365,0.022,9.135,0.027,9.035,0.023,-0.591,0.014,-0.056,0.005,0.099,0.003,-0.15,0.005,0.495,0.006,0.93,0.012,1.131,0.017,1.204,0.018,1.828,0.091,1.653,0.09
WASP-055,4.419,0.015,0.09,0.04,6070,53,0,3.419,0.0204,12.928,0.32,11.857,0.191,11.767,0.002773,12.084,0.002861,11.284,0.003796,10.775,0.027,10.443,0.023,10.396,0.024,-0.709,0.024,-0.078,0.007,0.099,0.003,-0.184,0.009,0.534,0.008,1.012,0.018,1.247,0.025,1.324,0.027,1.102,0.021,1.335,0.032
WASP-056,4.35,0.02,0.12,0.06,5600,100,0,3.047,0.0162,13.089,0.287,11.617,0.115,11.995,0.002767,12.352,0.002893,11.48,0.003803,10.874,0.021,10.603,0.022,10.532,0.019,-0.967,0.060,-0.154,0.021,0.075,0.009,-0.281,0.025,0.587,0.008,1.172,0.031,1.481,0.048,1.576,0.052,1.112,0.026,1.092,0.035
WASP-057,4.452,0.025,-0.25,0.1,5600,100,0,2.468,0.0162,11.43,0.089,10.325,0.054,12.721,0.002767,13.072,0.002892,12.206,0.00381,11.625,0.024,11.292,0.024,11.244,0.026,-0.922,0.060,-0.173,0.021,0.056,0.010,-0.289,0.024,0.56,0.012,1.153,0.034,1.479,0.051,1.566,0.055,0.927,0.033,1.05,0.053
WASP-058,4.27,0.09,-0.45,0.09,5800,150,0,3.396,0.0112,12.46,0.164,11.727,0.121,11.631,0.002761,11.925,0.002907,11.165,0.0038,10.626,0.03,10.364,0.033,10.285,0.02,-0.791,0.081,-0.15,0.025,0.056,0.009,-0.251,0.031,0.524,0.020,1.075,0.056,1.372,0.083,1.45,0.088,1.17,0.13,1.37,0.2
WASP-059,4.72,0.06,-0.15,0.11,4650,150,0,8.618,0.014,11.575,0.07,11.009,0.069,12.302,0.002762,13.022,0.002875,11.482,0.003795,10.44,0.02,9.878,0.023,9.723,0.018,-1.745,0.171,-0.575,0.103,-0.125,0.050,-0.688,0.094,0.566,0.017,1.452,0.039,2.009,0.080,2.139,0.088,0.613,0.044,0.775,0.068
WASP-060,4.235,0.041,0.26,0.07,6105,50,0,2.324,0.0194,13.568,0.41,11.839,0.177,12.01,0.002761,12.358,0.00285,11.498,0.003799,10.964,0.023,10.656,0.03,10.585,0.021,-0.702,0.024,-0.059,0.008,0.113,0.006,-0.169,0.009,0.545,0.009,1.01,0.017,1.23,0.024,1.311,0.025,1.401,0.066,1.225,0.069
WASP-061,4.256,0.013,-0.1,0.12,6250,150,0,2.065,0.0094,12.896,0.19,12.53,0.168,12.061,0.002763,12.311,0.002815,11.657,0.003788,11.219,0.028,11.034,0.024,11.008,0.026,-0.615,0.066,-0.073,0.018,0.088,0.008,-0.165,0.023,0.492,0.026,0.939,0.056,1.154,0.079,1.225,0.083,1.39,0.03,1.22,0.03
WASP-062,4.316,0.025,0.04,0.06,6230,80,0,5.691,0.0113,10.841,0.046,10.274,0.038,10.077,0.002769,10.336,0.002809,9.658,0.0038,9.272,0.024,9.008,0.024,8.944,0.021,-0.632,0.030,-0.064,0.009,0.098,0.005,-0.161,0.011,0.508,0.012,0.955,0.026,1.167,0.036,1.24,0.037,1.28,0.05,1.39,0.06
WASP-063,4.01,0.04,0.28,0.05,5715,60,0,3.461,0.0118,11.865,0.086,11.222,0.078,10.919,0.002761,11.289,0.002824,10.384,0.003795,9.818,0.024,9.463,0.021,9.393,0.021,-0.911,0.033,-0.119,0.011,0.095,0.005,-0.248,0.013,0.59,0.006,1.142,0.018,1.421,0.026,1.516,0.028,1.88,0.1,1.43,0.1
WASP-064,4.392,0.016,-0.08,0.11,5550,150,0,2.772,0.0102,12.517,0.186,11.353,0.086,12.518,0.002781,12.883,0.003105,11.988,0.003893,11.368,0.022,11.079,0.024,10.956,0.019,-0.973,0.091,-0.174,0.034,0.06,0.015,-0.298,0.038,0.576,0.014,1.178,0.047,1.507,0.075,1.598,0.080,1.058,0.025,1.271,0.039
WASP-065,4.4,0.02,-0.07,0.07,5600,100,0,3.636,0.0202,12.376,0.225,12.437,0.276,11.745,0.002784,12.082,0.002896,11.242,0.003823,10.669,0.022,10.44,0.032,10.346,0.021,-0.943,0.059,-0.163,0.021,0.065,0.009,-0.285,0.024,0.573,0.010,1.162,0.032,1.481,0.049,1.571,0.053,1.01,0.05,1.112,0.059
WASP-066,4.06,0.04,-0.31,0.1,6600,150,0,1.996,0.0313,12.073,0.105,11.652,0.109,11.589,0.002772,11.831,0.002842,11.184,0.003806,10.719,0.022,10.496,0.024,10.452,0.022,-0.485,0.046,-0.06,0.015,0.073,0.008,-0.136,0.017,0.421,0.026,0.808,0.054,0.98,0.076,1.044,0.078,1.75,0.09,1.39,0.09
WASP-067,4.533,0.016,0.18,0.06,5417,85,0,5.272,0.0123,12.965,0.293,12.58,0.257,11.909,0.002766,12.362,0.002973,11.295,0.003826,10.608,0.026,10.214,0.023,10.129,0.021,-1.104,0.060,-0.199,0.024,0.059,0.011,-0.334,0.026,0.604,0.006,1.235,0.027,1.577,0.044,1.68,0.048,0.817,0.022,1.091,0.046
WASP-068,4.09,0.13,0.22,0.08,5910,60,0,4.347,0.0144,11.492,0.072,10.75,0.062,10.411,0.00276,10.759,0.002809,9.898,0.003787,9.341,0.023,9.042,0.024,8.948,0.022,-0.792,0.034,-0.088,0.011,0.103,0.006,-0.206,0.012,0.565,0.010,1.074,0.021,1.324,0.030,1.41,0.032,1.69,0.11,1.24,0.1
WASP-069,4.535,0.023,0.15,0.08,4700,50,0,19.886,0.017,11.226,0.064,9.991,0.034,9.492,0.002784,10.03,0.003068,8.808,0.003901,8.032,0.023,7.543,0.023,7.459,0.024,-1.749,0.061,-0.538,0.035,-0.103,0.016,-0.66,0.031,0.584,0.006,1.449,0.014,1.976,0.028,2.112,0.031,0.813,0.028,1.057,0.047
WASP-070,4.29,0.055,0.21,0.02,5864,25,0,4.337,0.0263,11.998,0.127,10.892,0.076,11.032,0.002768,11.359,0.002864,10.538,0.003799,9.996,0.035,9.714,0.044,9.58,0.03,-0.821,0.015,-0.098,0.005,0.1,0.002,-0.217,0.006,0.569,0.003,1.089,0.009,1.348,0.013,1.435,0.014,1.251,0.079,1.186,0.088
WASP-071,3.92,0.05,0.37,0.04,6180,52,0,2.816,0.0265,11.545,0.114,10.649,0.085,10.569,0.002791,10.87,0.002828,10.11,0.003794,9.636,0.022,9.416,0.022,9.32,0.023,-0.669,0.029,-0.037,0.008,0.126,0.003,-0.149,0.010,0.546,0.009,0.992,0.020,1.192,0.028,1.275,0.030,2.26,0.17,1.46,0.13
WASP-072,3.99,0.11,-0.06,0.09,6250,100,0,2.389,0.0252,11.657,0.066,10.942,0.057,10.847,0.002767,11.108,0.002836,10.402,0.003794,9.964,0.024,9.724,0.024,9.617,0.021,-0.606,0.038,-0.065,0.013,0.094,0.007,-0.159,0.015,0.496,0.015,0.942,0.033,1.152,0.047,1.225,0.048,1.98,0.24,1.27,0.2
WASP-073,3.93,0.06,0.14,0.14,6030,120,0,3.15,0.0139,11.09,0.049,10.528,0.043,10.264,0.002762,10.556,0.002817,9.809,0.003787,9.352,0.024,9.073,0.022,9.028,0.021,-0.718,0.054,-0.074,0.019,0.104,0.011,-0.184,0.021,0.544,0.016,1.029,0.036,1.263,0.053,1.345,0.056,2.07,0.19,1.16,0.12
WASP-074,4.141,0.012,0.34,0.02,5984,57,0,6.69,0.0149,10.533,0.042,9.823,0.033,9.578,0.002762,9.911,0.002821,9.077,0.003791,8.548,0.037,8.286,0.018,8.221,0.023,-0.769,0.028,-0.069,0.008,0.115,0.003,-0.188,0.010,0.567,0.007,1.056,0.018,1.288,0.026,1.375,0.028,1.536,0.026,1.404,0.022
WASP-075,4.294,0.008,0.07,0.09,6100,100,0,3.339,0.0202,13.503,0.407,12.064,0.212,11.331,0.002777,11.63,0.002938,10.871,0.003811,10.362,0.024,10.097,0.022,10.062,0.025,-0.69,0.045,-0.075,0.014,0.099,0.007,-0.179,0.017,0.528,0.015,1.001,0.033,1.23,0.048,1.308,0.051,1.27,0.02,1.31,0.02
WASP-076,4.196,0.106,0.366,0.053,6329,65,0,5.29,0.0826,10.265,0.04,9.588,0.031,9.415,0.002976,9.664,0.00287,8.97,0.003811,8.541,0.024,8.331,0.038,8.243,0.031,-0.61,0.029,-0.024,0.009,0.126,0.005,-0.128,0.010,0.525,0.011,0.941,0.023,1.123,0.032,1.201,0.033,1.765,0.071,1.854,0.077
WASP-077,4.33,0.08,0.07,0.03,5605,41,0,9.463,0.0183,11.259,0.074,10.381,0.051,10.096,0.002855,10.454,0.003157,9.568,0.004133,8.766,0.02,8.374,0.04,8.405,0.031,-0.957,0.025,-0.155,0.009,0.073,0.004,-0.281,0.010,0.583,0.004,1.167,0.013,1.478,0.021,1.571,0.022,0.955,0.015,1.21,0.02
WASP-078,3.84,0.024,-0.35,0.14,6100,150,0,1.385,0.0136,12.813,0.211,12.043,0.15,12.177,0.002769,12.438,0.002841,11.759,0.003796,11.286,0.027,11.084,0.027,11.008,0.023,-0.647,0.067,-0.101,0.018,0.073,0.010,-0.193,0.023,0.494,0.026,0.978,0.055,1.221,0.077,1.294,0.081,2.35,0.1,2.06,0.1
WASP-079,4.226,0.01,0.03,0.1,6600,100,0,4.071,0.0149,10.528,0.029,10.092,0.027,9.978,0.00276,10.183,0.00281,9.626,0.003783,9.299,0.022,9.123,0.023,9.056,0.023,-0.495,0.034,-0.033,0.012,0.097,0.008,-0.117,0.013,0.45,0.019,0.827,0.037,0.989,0.051,1.056,0.053,1.51,0.04,1.53,0.04
WASP-080,4.668,0.008,-0.14,0.16,4145,100,0,20.114,0.0207,13.764,0.517,11.815,0.203,11.269,0.002789,12.145,0.002899,10.351,0.003809,9.218,0.023,8.513,0.026,8.351,0.022,-2.429,0.153,-1.026,0.121,-0.35,0.059,-1.108,0.119,0.479,0.024,1.585,0.032,2.266,0.038,2.436,0.051,0.593,0.012,0.986,0.022
WASP-081,4.258,0.027,-0.36,0.14,5890,120,0,2.484,0.0152,13.133,0.365,12.072,0.216,12.325,0.002773,12.659,0.002934,11.82,0.003795,11.263,0.027,10.913,0.024,10.892,0.026,-0.753,0.053,-0.132,0.017,0.065,0.010,-0.232,0.020,0.52,0.017,1.049,0.037,1.328,0.052,1.404,0.056,1.283,0.04,1.429,0.051
WASP-082,3.958,0.026,0.12,0.11,6500,80,0,3.63,0.019,10.566,0.039,10.122,0.035,9.904,0.002766,10.161,0.002817,9.485,0.003787,9.046,0.024,8.868,0.025,8.759,0.023,-0.518,0.029,-0.026,0.013,0.11,0.010,-0.116,0.012,0.475,0.017,0.867,0.028,1.035,0.038,1.107,0.040,2.219,0.097,1.712,0.088
WASP-083,4.44,0.04,0.29,0.12,5480,110,0,3.72,0.0168,12.745,0.299,12.859,0.355,11.999,0.002764,12.395,0.002812,11.442,0.003802,10.804,0.02,10.471,0.026,10.393,0.023,-1.076,0.084,-0.177,0.032,0.072,0.016,-0.313,0.035,0.608,0.011,1.22,0.037,1.543,0.059,1.647,0.064,1.05,0.06,1.04,0.08
WASP-084,4.598,0.012,0.09,0.12,5280,80,0,9.964,0.0149,11.839,0.103,10.916,0.08,10.579,0.002818,11.003,0.003432,9.99,0.004023,9.346,0.026,8.956,0.024,8.855,0.023,-1.192,0.067,-0.244,0.027,0.036,0.013,-0.38,0.029,0.603,0.008,1.275,0.027,1.651,0.043,1.757,0.047,0.768,0.019,0.976,0.025
WASP-085,4.519,0.007,0.08,0.1,5685,65,0,7.115,0.0305,11.591,0.091,10.8,0.076,11.572,0.00309,11.871,0.033334,10.868,0.016001,9.275,0.033,8.925,0.036,8.733,0.026,-0.914,0.040,-0.139,0.014,0.08,0.008,-0.262,0.016,0.577,0.010,1.142,0.022,1.439,0.032,1.529,0.035,0.935,0.023,1.24,0.03
WASP-086-KELT-12,3.934,0.05,0.19,0.085,6279,51,0,2.72,0.0118,11.328,0.055,10.655,0.045,10.486,0.002761,10.749,0.002829,10.066,0.003795,9.631,0.022,9.385,0.02,9.362,0.017,-0.607,0.021,-0.04,0.009,0.114,0.007,-0.141,0.008,0.515,0.010,0.947,0.017,1.142,0.023,1.219,0.024,2.02,0.12,1.382,0.089
WASP-087,4.096,0.023,-0.41,0.1,6450,120,0,3.323,0.0194,11.505,0.057,10.8,0.05,10.711,0.002759,10.97,0.002808,10.288,0.003785,9.832,0.026,9.593,0.027,9.552,0.025,-0.532,0.035,-0.08,0.011,0.066,0.007,-0.158,0.013,0.436,0.020,0.854,0.039,1.05,0.055,1.115,0.056,1.627,0.062,1.385,0.06
WASP-088,3.976,0.051,0.03,0.04,6450,61,0,1.784,0.0185,12.16,0.171,11.46,0.125,11.473,0.002789,11.734,0.002866,11.055,0.003789,10.568,0.022,10.386,0.024,10.322,0.019,-0.533,0.024,-0.039,0.007,0.102,0.003,-0.128,0.009,0.474,0.011,0.879,0.023,1.057,0.032,1.128,0.033,1.93,0.12,1.63,0.12
WASP-089,4.515,0.018,0.15,0.14,4955,100,0,3.48,0.0242,9.683,0.029,9.574,0.031,12.981,0.002804,13.461,0.003233,12.337,0.003995,11.546,0.024,11.094,0.021,11.004,0.021,-1.478,0.101,-0.38,0.054,-0.027,0.026,-0.515,0.051,0.602,0.009,1.376,0.031,1.828,0.058,1.952,0.063,0.88,0.03,1.04,0.04
WASP-090,4.033,0.029,0.11,0.14,6440,130,0,2.087,0.0334,13.339,0.306,11.6,0.107,11.454,0.002791,11.736,0.002857,11.012,0.003802,10.55,0.024,10.302,0.022,10.248,0.023,-0.542,0.054,-0.033,0.018,0.108,0.011,-0.125,0.020,0.483,0.024,0.887,0.049,1.064,0.069,1.136,0.071,1.98,0.09,1.63,0.09
WASP-091,4.49,0.03,0.19,0.13,4920,80,0,6.615,0.0115,12.911,0.216,12.065,0.148,11.618,0.00276,12.096,0.002869,10.986,0.003803,10.275,0.026,9.838,0.022,9.712,0.023,-1.52,0.076,-0.399,0.043,-0.035,0.021,-0.534,0.039,0.603,0.009,1.388,0.022,1.847,0.043,1.974,0.046,0.86,0.03,1.03,0.04
WASP-092,4.259,0.031,0.0,0.14,6280,120,0,1.704,0.0107,11.258,0.051,9.558,0.02,12.811,0.002777,13.1,0.002962,12.359,0.003907,11.834,0.019,11.579,0.018,11.519,0.018,-0.608,0.046,-0.062,0.019,0.096,0.012,-0.156,0.019,0.497,0.020,0.935,0.039,1.142,0.056,1.213,0.058,1.341,0.058,1.461,0.077
WASP-093,4.197,0.019,0.07,0.17,6700,100,0,2.688,0.0217,11.704,0.062,11.036,0.056,10.984,0.002762,11.21,0.002807,10.592,0.003788,10.233,0.022,9.997,0.021,9.942,0.016,-0.464,0.034,-0.022,0.018,0.1,0.015,-0.103,0.016,0.437,0.025,0.796,0.041,0.943,0.055,1.009,0.057,1.524,0.04,1.54,0.06
WASP-094,4.181,0.017,0.26,0.15,6170,80,0,4.75,0.0242,10.899,0.059,10.129,0.043,10.033,0.002775,10.315,0.002825,9.592,0.003794,9.159,0.027,8.916,0.022,8.874,0.024,-0.67,0.036,-0.05,0.013,0.115,0.010,-0.158,0.012,0.536,0.017,0.988,0.026,1.198,0.035,1.277,0.037,1.62,0.05,1.72,0.06
WASP-095,4.38,0.04,0.14,0.16,5830,140,0,7.238,0.0157,10.936,0.04,10.17,0.029,9.94,0.002765,10.272,0.002846,9.443,0.003805,8.936,0.029,8.628,0.024,8.564,0.025,-0.834,0.075,-0.109,0.025,0.093,0.012,-0.227,0.029,0.567,0.019,1.096,0.046,1.365,0.067,1.452,0.071,1.13,0.08,1.21,0.06
WASP-096,4.42,0.02,0.14,0.19,5500,150,0,2.859,0.0154,12.335,0.138,11.457,0.081,12.372,0.002768,12.736,0.002859,11.849,0.003808,11.267,0.025,10.936,0.023,10.914,0.024,-1.038,0.107,-0.177,0.043,0.067,0.021,-0.309,0.046,0.596,0.016,1.206,0.050,1.533,0.081,1.632,0.087,1.05,0.05,1.2,0.06
WASP-097,4.43,0.03,0.23,0.11,5670,110,0,6.633,0.0123,11.486,0.058,10.654,0.044,10.426,0.002759,10.775,0.002811,9.914,0.003785,9.407,0.023,9.07,0.022,9.03,0.029,-0.94,0.066,-0.134,0.022,0.087,0.009,-0.262,0.026,0.59,0.012,1.155,0.035,1.446,0.052,1.541,0.057,1.06,0.04,1.13,0.06
WASP-098,4.606,0.013,-0.49,0.1,5473,121,0,3.572,0.0119,11.272,0.057,9.313,0.018,12.858,0.002768,13.221,0.002853,12.325,0.003824,11.691,0.027,11.295,0.021,11.284,0.023,-0.975,0.071,-0.212,0.028,0.034,0.012,-0.326,0.032,0.555,0.009,1.185,0.039,1.543,0.062,1.631,0.066,0.741,0.021,1.144,0.034
WASP-099,4.12,0.04,0.21,0.15,6150,100,0,6.244,0.0112,10.217,0.028,9.545,0.021,9.332,0.002758,9.62,0.002808,8.879,0.003792,8.436,0.023,8.129,0.033,8.088,0.024,-0.672,0.046,-0.056,0.018,0.112,0.012,-0.162,0.018,0.534,0.018,0.992,0.034,1.206,0.048,1.285,0.050,1.76,0.11,1.1,0.08
WASP-100,4.16,0.08,0.0,0.08,6940,120,0,2.808,0.0129,11.125,0.054,10.832,0.061,10.616,0.002764,10.828,0.002813,10.262,0.003788,9.928,0.027,9.715,0.022,9.669,0.024,-0.398,0.030,-0.015,0.011,0.089,0.008,-0.088,0.012,0.391,0.021,0.711,0.040,0.83,0.054,0.893,0.055,1.67,0.18,1.4,0.3
WASP-101,4.345,0.019,0.2,0.12,6380,120,0,5.007,0.0128,10.87,0.035,10.389,0.031,1.012,0.002762,10.39,0.002801,9.738,0.003784,9.334,0.024,9.124,0.022,9.075,0.025,-0.583,0.052,-0.036,0.016,0.112,0.011,-0.132,0.018,0.501,0.023,0.913,0.044,1.098,0.060,1.171,0.063,1.29,0.04,1.41,0.05
WASP-102,4.257,0.006,0.09,0.19,5940,140,0,1.956,0.015,10.237,0.03,9.764,0.026,12.553,0.002765,12.898,0.002883,12.046,0.003815,11.494,0.021,11.221,0.021,11.106,0.017,-0.767,0.072,-0.094,0.022,0.095,0.013,-0.206,0.026,0.55,0.024,1.056,0.049,1.309,0.068,1.391,0.073,1.331,0.013,1.259,0.016
WASP-103,4.219,0.016,0.06,0.13,6110,160,0,1.833,0.1073,10.164,0.029,8.812,0.015,12.192,0.002811,12.508,0.002945,11.689,0.003811,11.1,0.026,10.857,0.032,10.767,0.02,-0.682,0.065,-0.074,0.021,0.099,0.010,-0.177,0.025,0.526,0.021,0.997,0.049,1.225,0.071,1.302,0.074,1.413,0.048,1.646,0.06
WASP-104,4.5032,0.005,0.41,0.057,5348,32,0,5.364,0.0186,11.773,0.091,11.184,0.095,11.586,0.002786,12.008,0.00341,11.008,0.00382,10.36,0.024,9.979,0.026,9.882,0.019,-1.197,0.026,-0.214,0.010,0.059,0.005,-0.356,0.010,0.623,0.005,1.269,0.010,1.611,0.016,1.725,0.017,0.935,0.01,1.093,0.012
WASP-105,4.48,0.02,0.28,0.16,5070,130,0,4.603,0.0893,12.5,0.186,11.834,0.144,11.859,0.002846,12.294,0.002856,11.212,0.003802,10.456,0.022,10.041,0.025,9.935,0.021,-1.399,0.126,-0.323,0.064,0.003,0.031,-0.463,0.062,0.614,0.010,1.348,0.043,1.762,0.078,1.884,0.084,0.9,0.03,0.96,0.03
WASP-106,4.38,0.94,0.15,0.03,6265,36,0,2.783,0.0181,12.244,0.186,11.303,0.108,11.362,0.002775,11.637,0.002864,10.93,0.003793,10.472,0.024,10.234,0.023,10.161,0.027,-0.627,0.026,-0.052,0.014,0.107,0.008,-0.151,0.011,0.513,0.006,0.949,0.012,1.153,0.017,1.227,0.018,1.42,0.03,1.1,0.02
WASP-107,4.633,0.012,0.02,0.09,4425,70,0,15.528,0.026,15.851,1.199,11.944,0.196,11.183,0.002774,11.902,0.002843,10.361,0.003793,9.378,0.021,8.777,0.026,8.637,0.023,-2.079,0.096,-0.761,0.064,-0.216,0.033,-0.861,0.059,0.536,0.015,1.517,0.018,2.141,0.041,2.289,0.045,0.67,0.02,0.924,0.022
WASP-108,4.336,0.018,0.05,0.11,6000,140,0,3.903,0.0211,11.995,0.108,11.284,0.084,11.108,0.002773,11.405,0.002825,10.644,0.003796,10.12,0.023,9.889,0.023,9.795,0.019,-0.736,0.073,-0.089,0.021,0.095,0.009,-0.197,0.027,0.54,0.022,1.034,0.052,1.28,0.075,1.359,0.080,1.215,0.04,1.284,0.047
WASP-109,4.26,0.018,-0.22,0.08,6520,140,0,2.801,0.0228,11.872,0.129,11.479,0.151,11.338,0.002787,11.593,0.002848,10.924,0.003834,10.473,0.024,10.298,0.024,10.248,0.023,-0.519,0.042,-0.063,0.012,0.077,0.007,-0.142,0.014,0.44,0.023,0.84,0.047,1.022,0.066,1.087,0.068,1.346,0.044,1.443,0.053
WASP-110,4.498,0.022,-0.06,0.1,5400,140,0,3.608,0.015,12.009,0.128,11.503,0.119,12.54,0.002764,12.934,0.002845,11.982,0.003797,11.326,0.029,10.945,0.027,10.871,0.023,-1.078,0.101,-0.211,0.039,0.046,0.017,-0.341,0.043,0.587,0.011,1.228,0.048,1.586,0.077,1.684,0.083,0.881,0.035,1.238,0.056
WASP-111,4.081,0.036,0.08,0.08,6400,150,0,3.468,0.0172,10.784,0.038,10.304,0.035,10.11,0.002761,10.344,0.002818,9.723,0.003804,9.356,0.026,9.163,0.034,9.076,0.027,-0.558,0.054,-0.041,0.015,0.105,0.006,-0.133,0.019,0.486,0.023,0.899,0.050,1.083,0.071,1.155,0.073,1.85,0.1,1.443,0.094
WASP-112,4.342,0.018,-0.64,0.15,5610,130,0,1.862,0.0158,12.6,0.187,11.328,0.079,13.191,0.002765,13.494,0.002953,12.721,0.003823,12.179,0.022,11.86,0.025,11.822,0.023,-0.876,0.069,-0.191,0.025,0.036,0.012,-0.296,0.029,0.532,0.015,1.131,0.043,1.467,0.066,1.549,0.070,1.002,0.037,1.191,0.049
WASP-113,4.2,0.1,0.1,0.09,5890,140,0,2.275,0.0109,12.743,0.216,11.947,0.148,11.6,0.002763,11.906,0.002856,11.132,0.003794,10.636,0.022,10.33,0.026,10.311,0.021,-0.793,0.077,-0.1,0.024,0.094,0.009,-0.215,0.030,0.557,0.018,1.074,0.049,1.334,0.072,1.418,0.077,1.608,0.12,1.47,0.11
WASP-114,4.3,0.1,0.14,0.07,5940,140,0,1.962,0.0149,12.692,0.278,12.401,0.261,12.513,0.002768,12.861,0.002883,12.001,0.003806,11.421,0.023,11.172,0.028,11.074,0.028,-0.773,0.071,-0.091,0.021,0.099,0.008,-0.204,0.026,0.555,0.017,1.059,0.046,1.31,0.067,1.393,0.071,1.43,0.06,1.339,0.064
WASP-117,4.28,0.16,-0.11,0.14,6040,90,0,6.341,0.0129,10.873,0.042,10.208,0.033,10.032,0.00276,10.311,0.002805,9.587,0.003786,9.143,0.022,8.86,0.024,8.78,0.021,-0.703,0.035,-0.095,0.012,0.085,0.010,-0.196,0.012,0.521,0.016,1.011,0.026,1.257,0.034,1.333,0.036,1.17,0.067,1.021,0.076
WASP-118,4.1,0.012,0.16,0.11,6410,125,0,2.585,0.0236,11.755,0.108,11.079,0.107,10.919,0.00277,11.18,0.002834,10.498,0.003806,10.087,0.026,9.847,0.023,9.788,0.021,-0.559,0.050,-0.033,0.016,0.111,0.009,-0.127,0.018,0.492,0.021,0.9,0.044,1.08,0.062,1.153,0.064,1.754,0.016,1.394,0.013
WASP-119,4.26,0.08,0.14,0.1,5650,100,0,3.307,0.0106,12.648,0.21,12.082,0.171,12.095,0.002762,12.481,0.002869,11.542,0.003809,10.924,0.023,10.612,0.024,10.545,0.021,-0.937,0.063,-0.141,0.021,0.081,0.010,-0.268,0.024,0.584,0.012,1.156,0.033,1.455,0.049,1.548,0.053,1.2,0.1,1.4,0.2
WASP-120,4.035,0.049,-0.05,0.07,6450,120,0,2.614,0.015,11.591,0.06,11.021,0.058,10.899,0.002771,11.119,0.00283,10.528,0.003813,10.148,0.024,9.982,0.034,9.877,0.023,-0.533,0.040,-0.047,0.011,0.095,0.006,-0.134,0.014,0.467,0.019,0.874,0.039,1.056,0.055,1.126,0.057,1.87,0.11,1.39,0.08
WASP-121,4.47,0.08,0.13,0.04,6586,59,0,3.8,0.0104,11.093,0.049,10.571,0.045,10.375,0.002767,10.603,0.002808,10.002,0.003793,9.625,0.021,9.439,0.025,9.374,0.022,-0.514,0.017,-0.03,0.005,0.103,0.003,-0.115,0.006,0.462,0.009,0.839,0.017,1.002,0.024,1.068,0.025,1.44,0.03,1.865,0.044
WASP-122,4.166,0.016,0.32,0.09,5720,130,0,4.055,0.0099,11.963,0.092,11.088,0.065,10.84,0.002758,11.181,0.002832,10.334,0.003805,9.808,0.024,9.487,0.024,9.424,0.023,-0.917,0.086,-0.117,0.029,0.097,0.012,-0.247,0.034,0.593,0.015,1.143,0.046,1.419,0.069,1.515,0.074,1.52,0.03,1.743,0.047
WASP-123,4.286,0.032,0.18,0.08,5740,130,0,5.009,0.0203,11.582,0.114,11.084,0.123,10.901,0.002762,11.26,0.00307,10.373,0.003811,9.799,0.022,9.457,0.026,9.362,0.021,-0.888,0.079,-0.122,0.026,0.09,0.011,-0.245,0.032,0.579,0.013,1.129,0.044,1.41,0.066,1.5,0.071,1.285,0.051,1.35,0.05
WASP-124,4.44,0.02,-0.02,0.11,6050,100,0,2.104,0.0145,11.785,0.09,11.362,0.103,12.565,0.002783,12.848,0.0029,12.124,0.003805,11.65,0.023,11.419,0.024,11.31,0.023,-0.711,0.049,-0.089,0.014,0.091,0.008,-0.192,0.017,0.528,0.018,1.013,0.037,1.255,0.051,1.331,0.054,1.02,0.02,1.24,0.03
WASP-126,4.28,0.07,0.17,0.08,5800,100,0,4.593,0.01,12.035,0.121,11.087,0.077,11.066,0.00276,11.412,0.002838,10.553,0.003794,9.962,0.021,9.659,0.023,9.598,0.021,-0.852,0.058,-0.111,0.018,0.093,0.008,-0.232,0.022,0.573,0.013,1.108,0.034,1.38,0.050,1.468,0.054,1.27,0.1,0.96,0.1
WASP-127,4.18,0.01,-0.18,0.06,5750,100,0,6.224,0.0175,10.968,0.059,10.224,0.045,10.058,0.00277,10.372,0.002816,9.573,0.003788,9.092,0.029,8.738,0.055,8.641,0.019,-0.837,0.049,-0.14,0.016,0.07,0.006,-0.252,0.019,0.549,0.010,1.105,0.030,1.401,0.045,1.484,0.048,1.333,0.027,1.311,0.029
WASP-128,4.396,0.014,0.01,0.12,5950,50,0,2.405,0.0125,12.336,0.173,11.605,0.115,12.263,0.002766,12.563,0.002861,11.803,0.003822,11.282,0.023,11.011,0.022,10.942,0.021,-0.759,0.028,-0.099,0.010,0.09,0.008,-0.208,0.010,0.543,0.012,1.048,0.019,1.304,0.025,1.384,0.027,1.152,0.021,0.937,0.022
WASP-129,4.53,0.02,0.15,0.09,5900,100,0,3.174,0.0159,12.365,0.146,12.199,0.161,11.804,0.002763,12.133,0.002851,11.309,0.003799,10.725,0.023,10.471,0.022,10.412,0.023,-0.802,0.054,-0.098,0.017,0.097,0.008,-0.213,0.021,0.561,0.014,1.074,0.034,1.332,0.050,1.416,0.053,0.9,0.02,0.93,0.03
WASP-130,4.49,0.02,0.26,0.1,5600,100,0,5.729,0.0187,11.919,0.109,11.18,0.086,10.974,0.002767,11.341,0.002877,10.436,0.003795,9.896,0.022,9.547,0.027,9.461,0.026,-0.991,0.071,-0.149,0.025,0.083,0.012,-0.28,0.029,0.598,0.011,1.18,0.035,1.482,0.055,1.58,0.059,0.96,0.03,0.89,0.03
WASP-131,4.072,0.033,-0.18,0.08,5950,100,0,5.177,0.0365,10.737,0.045,10.132,0.037,9.873,0.002771,10.158,0.002809,9.417,0.003785,8.895,0.027,8.653,0.04,8.573,0.019,-0.732,0.043,-0.11,0.014,0.079,0.006,-0.213,0.017,0.526,0.012,1.038,0.031,1.299,0.046,1.377,0.048,1.526,0.065,1.204,0.057
WASP-132b,4.576,0.036,0.18,0.12,4714,88,0,8.092,0.019,12.493,0.219,11.916,0.188,11.747,0.002765,12.3,0.002897,11.049,0.003802,10.257,0.026,9.745,0.023,9.674,0.024,-1.741,0.105,-0.531,0.061,-0.098,0.029,-0.653,0.055,0.587,0.011,1.447,0.025,1.968,0.050,2.104,0.055,0.753,0.028,0.897,0.03
WASP-132c,4.576,0.036,0.18,0.12,4714,88,0,8.092,0.019,12.493,0.219,11.916,0.188,11.747,0.002765,12.3,0.002897,11.049,0.003802,10.257,0.026,9.745,0.023,9.674,0.024,-1.741,0.103,-0.531,0.061,-0.098,0.029,-0.653,0.055,0.587,0.011,1.447,0.024,1.968,0.050,2.104,0.054,0.753,0.028,0.165,0.009
WASP-133,4.18,0.02,0.29,0.12,5700,100,0,1.807,0.0158,12.137,0.162,11.675,0.156,12.704,0.002765,13.084,0.002842,12.161,0.003803,11.555,0.023,11.238,0.026,11.18,0.023,-0.925,0.062,-0.123,0.021,0.094,0.010,-0.252,0.024,0.592,0.013,1.148,0.033,1.43,0.049,1.525,0.053,1.44,0.05,1.21,0.05
WASP-134,4.352,0.029,0.4,0.07,5700,100,0,5.162,0.0155,11.761,0.103,11.304,0.117,10.884,0.00276,11.248,0.002848,10.354,0.003797,9.804,0.024,9.5,0.023,9.406,0.024,-0.946,0.060,-0.119,0.020,0.1,0.009,-0.251,0.024,0.602,0.010,1.154,0.032,1.43,0.048,1.528,0.051,1.175,0.048,0.988,0.057
WASP-135,4.47,0.03,0.02,0.13,5680,60,0,3.33,0.0134,12.667,0.188,11.013,0.057,12.997,0.002794,13.473,0.003109,12.351,0.003938,11.581,0.019,11.123,0.031,11.037,0.02,-0.909,0.040,-0.143,0.014,0.076,0.009,-0.264,0.015,0.573,0.012,1.14,0.022,1.441,0.031,1.53,0.034,0.96,0.05,1.3,0.09
WASP-136,3.9,0.06,-0.18,0.1,6250,100,0,3.723,0.0252,10.508,0.027,10.027,0.025,9.824,0.002761,10.06,0.002831,9.431,0.003797,9.016,0.03,8.792,0.026,8.805,0.024,-0.596,0.043,-0.073,0.013,0.086,0.007,-0.164,0.016,0.486,0.018,0.935,0.038,1.15,0.055,1.222,0.057,2.21,0.22,1.5,0.15
WASP-137,4.155,0.059,0.08,0.07,6100,140,0,3.469,0.0189,11.623,0.087,10.96,0.079,10.652,0.00276,10.931,0.002824,10.211,0.003791,9.769,0.024,9.52,0.022,9.46,0.019,-0.686,0.066,-0.072,0.018,0.1,0.006,-0.177,0.024,0.529,0.020,1.001,0.047,1.229,0.068,1.307,0.072,1.52,0.11,1.27,0.11
WASP-138,4.25,0.02,-0.09,0.1,6300,100,0,2.442,0.0158,11.777,0.148,12.581,0.447,11.681,0.002772,11.951,0.002934,11.254,0.003821,10.782,0.024,10.54,0.025,10.494,0.019,-0.596,0.037,-0.067,0.011,0.089,0.007,-0.158,0.013,0.486,0.016,0.923,0.033,1.13,0.046,1.2,0.048,1.36,0.05,1.09,0.05
WASP-139,4.59,0.06,0.2,0.09,5300,100,0,4.698,0.0098,11.513,0.066,10.501,0.04,12.264,0.002767,12.702,0.002874,11.667,0.003844,10.982,0.023,10.575,0.023,10.472,0.021,-1.195,0.083,-0.235,0.036,0.043,0.017,-0.373,0.037,0.609,0.007,1.274,0.033,1.639,0.055,1.748,0.060,0.8,0.04,0.8,0.05
WASP-140,4.51,0.04,0.12,0.1,5300,100,0,8.563,0.0189,12.036,0.14,11.202,0.099,10.825,0.002771,11.23,0.002931,10.253,0.003841,9.609,0.026,9.24,0.024,9.165,0.03,-1.18,0.076,-0.235,0.033,0.04,0.016,-0.372,0.034,0.603,0.006,1.269,0.031,1.639,0.052,1.746,0.056,0.87,0.04,1.27,0.06
WASP-141,4.26,0.04,0.29,0.09,6050,120,0,1.956,0.0119,13.471,0.343,12.384,0.2,12.472,0.002766,12.78,0.002837,12.005,0.003806,11.499,0.027,11.261,0.023,11.194,0.026,-0.732,0.063,-0.064,0.019,0.113,0.008,-0.178,0.023,0.555,0.017,1.031,0.041,1.257,0.059,1.34,0.063,1.37,0.07,1.21,0.08
WASP-142,4.13,0.04,0.26,0.12,6060,150,0,1.413,0.0145,11.281,0.051,9.769,0.022,12.744,0.002769,13.059,0.002886,12.269,0.003807,11.726,0.029,11.484,0.033,11.442,0.029,-0.72,0.078,-0.064,0.024,0.112,0.010,-0.176,0.029,0.551,0.022,1.026,0.053,1.251,0.077,1.333,0.081,1.64,0.08,1.53,0.08
WASP-143,4.465,0.018,0.23,0.1,5900,140,0,2.5,0.0181,9.912,0.029,9.417,0.024,12.664,0.002769,12.994,0.002835,12.175,0.003801,11.661,0.022,11.354,0.025,11.318,0.025,-0.809,0.071,-0.092,0.021,0.102,0.008,-0.21,0.026,0.568,0.018,1.078,0.046,1.332,0.067,1.418,0.071,1.013,0.032,1.234,0.042
WASP-144,4.53,0.03,0.18,0.14,4950,150,0,2.994,0.0837,11.643,0.103,10.552,0.061,12.904,0.002791,13.404,0.002954,12.243,0.003857,11.487,0.024,11.008,0.022,10.897,0.021,-1.49,0.154,-0.384,0.084,-0.028,0.040,-0.519,0.079,0.604,0.010,1.379,0.047,1.831,0.089,1.955,0.097,0.81,0.04,0.85,0.05
WASP-145,4.65,0.1,-0.04,0.1,4900,150,0,10.974,0.0282,11.595,0.057,11.282,0.069,11.363,0.002792,11.909,0.002846,10.662,0.003801,9.843,0.029,9.292,0.037,9.194,0.029,-1.496,0.146,-0.413,0.080,-0.047,0.038,-0.542,0.075,0.591,0.010,1.385,0.042,1.862,0.081,1.982,0.089,0.68,0.07,0.9,0.4
WASP-146,4.282,0.029,-0.01,0.16,6100,140,0,2.039,0.019,12.529,0.219,11.915,0.174,12.555,0.002775,12.86,0.002882,12.059,0.003857,11.522,0.027,11.186,0.022,11.137,0.024,-0.683,0.065,-0.081,0.019,0.093,0.011,-0.182,0.022,0.521,0.025,0.996,0.051,1.229,0.070,1.305,0.074,1.232,0.072,1.228,0.076
WASP-147,4.0,0.1,0.09,0.07,5700,100,0,2.153,0.0188,13.188,0.318,12.731,0.263,12.173,0.002779,12.49,0.002886,11.695,0.003826,11.174,0.023,10.907,0.025,10.857,0.025,-0.894,0.063,-0.132,0.021,0.082,0.009,-0.255,0.025,0.575,0.011,1.137,0.035,1.428,0.053,1.519,0.057,1.37,0.08,1.115,0.14
WASP-148,4.497,0.025,0.25,0.04,5437,21,0,4.015,0.0098,13.674,0.435,12.179,0.214,12.079,0.002768,12.464,0.00297,11.532,0.003823,10.938,0.024,10.585,0.018,10.506,0.017,-1.1,0.015,-0.191,0.006,0.064,0.003,-0.327,0.006,0.608,0.003,1.232,0.007,1.566,0.010,1.67,0.011,0.92,0.016,0.756,0.014
WASP-150,4.147,0.027,0.18,0.11,6250,80,0,1.831,0.0119,13.118,0.288,12.123,0.181,11.91,0.002764,12.179,0.002888,11.482,0.003826,11.058,0.027,10.789,0.03,10.747,0.021,-0.627,0.036,-0.047,0.012,0.111,0.008,-0.149,0.013,0.518,0.015,0.956,0.028,1.158,0.039,1.234,0.041,1.651,0.03,1.07,0.025
WASP-151,4.35,0.03,0.1,0.1,5871,57,0,2.17,0.0177,12.046,0.172,11.296,0.125,12.618,0.00277,12.958,0.002946,12.115,0.003859,11.545,0.022,11.259,0.024,11.187,0.021,-0.807,0.032,-0.104,0.010,0.093,0.007,-0.22,0.011,0.559,0.011,1.08,0.020,1.344,0.027,1.428,0.029,1.181,0.02,1.187,0.021
WASP-153,4.1,0.06,0.34,0.11,5914,64,0,1.682,0.0092,13.078,0.299,12.015,0.176,12.489,0.002764,12.822,0.002879,11.993,0.003801,11.408,0.023,11.138,0.023,11.051,0.017,-0.805,0.033,-0.08,0.011,0.111,0.007,-0.202,0.012,0.575,0.011,1.08,0.019,1.322,0.027,1.412,0.028,1.73,0.1,1.55,0.1
WASP-156,4.6,0.07,0.24,0.12,4910,61,0,8.207,0.0213,12.342,0.183,11.632,0.131,11.321,0.002786,11.817,0.002907,10.674,0.003815,9.906,0.022,9.473,0.023,9.339,0.023,-1.544,0.063,-0.41,0.031,-0.037,0.014,-0.542,0.029,0.606,0.006,1.394,0.017,1.853,0.030,1.982,0.033,0.76,0.03,0.51,0.02
WASP-157,4.5,0.2,0.34,0.09,5840,140,0,2.943,0.0276,12.976,0.324,12.92,0.339,12.17,0.002766,12.518,0.00286,11.665,0.003811,11.11,0.026,10.799,0.023,10.764,0.023,-0.857,0.079,-0.096,0.026,0.106,0.011,-0.22,0.031,0.584,0.016,1.105,0.046,1.362,0.068,1.453,0.073,1.134,0.051,1.065,0.047
WASP-158,4.3,0.11,0.24,0.1,6350,150,0,1.851,0.0253,12.919,0.245,12.124,0.176,12.081,0.002764,12.361,0.002847,11.644,0.003803,11.178,0.026,10.957,0.023,10.881,0.025,-0.595,0.064,-0.034,0.018,0.116,0.008,-0.133,0.022,0.509,0.025,0.926,0.054,1.112,0.075,1.187,0.078,1.39,0.18,1.07,0.15
WASP-159,3.94,0.04,0.22,0.12,6000,150,0,1.372,0.0098,12.567,0.193,12.801,0.237,12.288,0.002764,12.592,0.002863,11.821,0.003796,11.309,0.024,11.02,0.024,11.017,0.019,-0.741,0.077,-0.073,0.024,0.108,0.011,-0.187,0.029,0.554,0.020,1.044,0.051,1.279,0.075,1.363,0.079,2.11,0.1,1.38,0.09
WASP-160,4.44,0.05,0.149,0.02,5218,18,0,3.448,0.012,11.863,0.072,11.424,0.076,12.874,0.002766,13.318,0.002875,12.272,0.003815,11.591,0.03,11.172,0.024,11.055,0.021,-1.247,0.015,-0.262,0.007,0.028,0.003,-0.401,0.007,0.606,0.001,1.296,0.006,1.682,0.010,1.794,0.010,0.872,0.013,1.093,0.022
WASP-161,4.111,0.033,0.16,0.09,6406,100,0,2.808,0.0158,11.769,0.086,11.145,0.086,10.9,0.002763,11.142,0.002822,10.506,0.003794,10.09,0.023,9.906,0.026,9.837,0.025,-0.561,0.035,-0.033,0.012,0.111,0.008,-0.128,0.013,0.493,0.016,0.902,0.032,1.082,0.044,1.155,0.046,1.712,0.083,1.143,0.065
WASP-162,4.33,0.03,0.28,0.13,5300,100,0,3.25,0.0171,11.611,0.088,9.886,0.036,12.056,0.002776,12.444,0.002893,11.506,0.003808,10.89,0.024,10.559,0.023,10.466,0.021,-1.205,0.083,-0.23,0.034,0.047,0.016,-0.371,0.035,0.614,0.010,1.277,0.033,1.637,0.054,1.748,0.058,1.11,0.05,1.0,0.05
WASP-163,4.411,0.042,-0.34,0.21,5500,200,0,3.818,0.0159,13.309,0.322,11.6,0.112,12.239,0.002794,12.77,0.003157,11.546,0.003944,10.673,0.026,10.288,0.026,10.147,0.021,-0.97,0.140,-0.198,0.055,0.043,0.025,-0.316,0.062,0.561,0.021,1.182,0.074,1.53,0.118,1.619,0.126,1.015,0.071,1.202,0.097
WASP-164,4.5,0.2,0.0,0.2,5800,200,0,3.066,0.0122,11.131,0.038,10.594,0.034,12.455,0.002778,12.813,0.002984,11.938,0.003842,11.365,0.024,11.04,0.024,10.959,0.021,-0.839,0.109,-0.123,0.039,0.083,0.019,-0.238,0.045,0.56,0.024,1.099,0.066,1.38,0.100,1.464,0.107,0.932,0.03,1.128,0.043
WASP-165,3.9,0.2,0.33,0.13,5600,150,0,1.685,0.0212,11.3,0.068,10.687,0.061,12.535,0.002771,12.898,0.002871,12.008,0.003817,11.439,0.023,11.125,0.024,11.024,0.023,-0.992,0.116,-0.141,0.042,0.088,0.019,-0.277,0.047,0.603,0.015,1.183,0.054,1.479,0.085,1.58,0.092,1.65,0.09,1.26,0.19
WASP-166,4.34,0.04,0.19,0.05,6050,50,0,8.752,0.0141,10.066,0.022,9.419,0.016,9.264,0.002761,9.544,0.002825,8.818,0.003794,8.35,0.021,8.135,0.033,8.032,0.023,-0.725,0.023,-0.072,0.007,0.106,0.003,-0.182,0.008,0.546,0.008,1.025,0.016,1.257,0.022,1.337,0.024,1.22,0.06,0.63,0.03
WASP-167,4.13,0.02,-0.04,0.18,6900,150,0,2.424,0.0303,11.004,0.051,10.566,0.047,10.579,0.002774,10.762,0.002841,10.266,0.003809,9.929,0.022,9.827,0.028,9.76,0.021,-0.407,0.033,-0.02,0.020,0.088,0.017,-0.093,0.018,0.394,0.028,0.722,0.045,0.847,0.059,0.91,0.061,1.79,0.05,1.56,0.05
WASP-168,4.37,0.05,-0.01,0.09,6000,100,0,3.337,0.0094,12.341,0.15,12.147,0.168,11.71,0.002763,11.999,0.002844,11.256,0.003793,10.778,0.023,10.493,0.025,10.443,0.026,-0.732,0.044,-0.094,0.015,0.09,0.008,-0.2,0.017,0.535,0.013,1.03,0.032,1.279,0.046,1.357,0.049,1.12,0.06,1.5,0.5
WASP-169,3.958,0.076,0.06,0.07,6110,101,0,1.608,0.0146,12.492,0.23,12.201,0.225,11.713,0.002767,11.999,0.002851,11.266,0.003825,10.8,0.026,10.552,0.022,10.483,0.025,-0.673,0.048,-0.07,0.015,0.101,0.006,-0.174,0.018,0.526,0.015,0.997,0.036,1.223,0.051,1.301,0.054,2.011,0.188,1.304,0.15
WASP-170,4.466,0.031,0.22,0.09,5600,150,0,3.298,0.0117,13.308,0.315,12.748,0.234,12.463,0.002774,12.883,0.003047,11.877,0.003863,11.133,0.026,10.84,0.023,10.724,0.023,-0.984,0.076,-0.15,0.027,0.081,0.012,-0.28,0.031,0.595,0.012,1.178,0.040,1.482,0.061,1.579,0.066,0.938,0.061,1.096,0.085
WASP-171,4.08,0.049,0.04,0.07,5965,100,0,1.376,0.0109,11.863,0.086,11.406,0.095,12.429,0.002761,12.74,0.002824,11.956,0.00379,11.422,0.022,11.158,0.024,11.104,0.021,-0.745,0.046,-0.092,0.013,0.094,0.006,-0.202,0.017,0.543,0.013,1.045,0.031,1.295,0.045,1.376,0.048,1.637,0.091,0.98,0.07
WASP-172,4.05,0.05,-0.1,0.08,6900,150,0,1.894,0.0222,11.559,0.069,11.044,0.068,11.011,0.002764,11.206,0.002883,10.673,0.003801,10.312,0.023,10.169,0.022,10.13,0.019,-0.402,0.040,-0.022,0.013,0.085,0.008,-0.095,0.014,0.389,0.027,0.719,0.052,0.844,0.072,0.908,0.073,1.91,0.1,1.57,0.1
WASP-173,4.37,0.03,0.16,0.14,5700,150,0,4.244,0.0204,12.998,0.293,11.314,0.097,11.394,0.002865,11.724,0.00327,10.897,0.004031,10.374,0.05,10.084,0.065,10.002,0.05,-0.911,0.102,-0.131,0.036,0.086,0.016,-0.256,0.042,0.582,0.017,1.141,0.056,1.431,0.086,1.522,0.092,1.11,0.05,1.2,0.06
WASP-174,4.273,0.01,0.09,0.09,6400,100,0,2.431,0.022,11.846,0.085,10.782,0.06,11.677,0.002766,11.932,0.002841,11.266,0.003794,10.845,0.027,10.599,0.024,10.579,0.021,-0.567,0.041,-0.043,0.010,0.104,0.007,-0.135,0.013,0.487,0.020,0.899,0.038,1.086,0.052,1.157,0.054,1.347,0.018,1.437,0.05
WASP-175,4.359,0.045,0.15,0.069,6229,100,0,1.825,0.0136,11.882,0.087,10.465,0.041,12.696,0.002765,12.992,0.002856,12.242,0.003797,11.765,0.029,11.525,0.03,11.471,0.027,-0.641,0.041,-0.055,0.011,0.107,0.005,-0.156,0.014,0.518,0.015,0.962,0.033,1.17,0.046,1.245,0.049,1.204,0.064,1.208,0.081
WASP-176,3.995,0.053,0.15,0.08,6100,100,0,1.666,0.0152,12.881,0.223,12.086,0.162,11.931,0.002764,12.23,0.002856,11.473,0.003806,10.991,0.022,10.689,0.027,10.648,0.02,-0.686,0.044,-0.065,0.013,0.107,0.006,-0.172,0.016,0.535,0.014,1.005,0.032,1.229,0.046,1.309,0.048,1.925,0.047,1.505,0.05
WASP-177,4.486,0.049,0.25,0.04,5017,70,0,5.813,0.0197,12.813,0.33,11.913,0.218,12.065,0.002869,12.551,0.003522,11.422,0.004088,10.654,0.024,10.244,0.022,10.163,0.023,-1.44,0.061,-0.349,0.032,-0.01,0.015,-0.487,0.031,0.61,0.003,1.362,0.020,1.792,0.036,1.915,0.040,0.885,0.046,1.58,0.66
WASP-180,4.42,0.01,0.1,0.2,6500,150,0,3.842,0.0302,11.534,0.08,10.736,0.064,11.773,0.002862,12.103,0.003489,11.255,0.00408,10.675,0.03,10.333,0.025,10.276,0.021,-0.539,0.050,-0.037,0.020,0.102,0.016,-0.126,0.019,0.472,0.029,0.866,0.049,1.041,0.066,1.109,0.069,1.19,0.06,1.24,0.04
WASP-181,4.487,0.039,0.09,0.04,5839,70,0,2.322,0.0192,10.801,0.059,10.289,0.054,12.772,0.002781,13.094,0.002896,12.291,0.003849,11.785,0.027,11.522,0.026,11.443,0.023,-0.827,0.039,-0.111,0.012,0.09,0.004,-0.227,0.015,0.563,0.009,1.091,0.024,1.361,0.036,1.446,0.038,0.965,0.043,1.184,0.071
WASP-182,4.218,0.033,0.27,0.11,5638,100,0,3.045,0.0155,13.282,0.371,12.094,0.201,11.91,0.002771,12.264,0.00284,11.39,0.003791,10.831,0.024,10.519,0.025,10.431,0.019,-0.962,0.069,-0.138,0.025,0.087,0.012,-0.268,0.028,0.596,0.012,1.167,0.035,1.461,0.055,1.558,0.059,1.34,0.03,0.85,0.03
WASP-183,4.452,0.043,-0.31,0.04,5313,72,0,3.123,0.0176,11.431,0.065,10.204,0.035,12.806,0.00277,13.176,0.002888,12.267,0.00382,11.639,0.023,11.268,0.023,11.207,0.021,-1.097,0.051,-0.245,0.021,0.024,0.010,-0.37,0.023,0.575,0.004,1.244,0.024,1.63,0.039,1.727,0.042,0.871,0.038,1.47,0.94
WASP-184,4.09,0.05,0.12,0.08,6000,100,0,1.437,0.0165,11.843,0.086,10.749,0.057,12.559,0.002769,12.862,0.002898,12.093,0.003803,11.59,0.024,11.319,0.026,11.262,0.025,-0.735,0.050,-0.082,0.015,0.101,0.007,-0.192,0.018,0.545,0.014,1.037,0.034,1.278,0.049,1.36,0.052,1.65,0.09,1.33,0.09
WASP-185,4.13,0.05,-0.02,0.06,5900,100,0,3.565,0.016,11.883,0.107,11.174,0.096,10.895,0.002761,11.208,0.002924,10.414,0.003796,9.873,0.027,9.601,0.026,9.505,0.019,-0.773,0.059,-0.106,0.017,0.087,0.006,-0.216,0.022,0.545,0.014,1.063,0.038,1.327,0.056,1.408,0.059,1.5,0.08,1.25,0.08
WASP-186,4.193,0.029,-0.08,0.14,6361,105,0,3.527,0.0172,11.542,0.072,10.879,0.067,10.653,0.00276,10.905,0.002813,10.243,0.003804,9.781,0.022,9.613,0.022,9.532,0.018,-0.571,0.036,-0.061,0.016,0.091,0.011,-0.149,0.015,0.477,0.019,0.902,0.035,1.1,0.049,1.17,0.051,1.47,0.02,1.11,0.03
WASP-187,3.722,0.029,0.0,0.11,6150,92,0,2.778,0.0176,10.948,0.049,10.358,0.041,10.138,0.002762,10.449,0.0028,9.657,0.003788,9.117,0.024,8.906,0.027,8.79,0.02,-0.643,0.043,-0.067,0.015,0.1,0.008,-0.168,0.017,0.516,0.015,0.981,0.033,1.201,0.048,1.279,0.049,2.83,0.05,1.64,0.05
WASP-189,4.046,0.024,0.29,0.13,8000,80,0,10.1,0.0293,6.832,0.015,6.641,0.011,6.572,0.002779,6.658,0.002927,6.388,0.003943,6.166,0.026,6.12,0.04,6.06,0.021,-0.176,0.037,0.039,0.013,0.07,0.017,-0.015,0.013,0.213,0.045,0.369,0.073,0.373,0.091,0.433,0.093,2.365,0.025,1.6,0.017
WASP-190,4.17,0.04,-0.02,0.05,6400,100,0,1.791,0.0233,12.1,0.099,11.691,0.104,11.629,0.002767,11.854,0.00285,11.255,0.003803,10.859,0.023,10.694,0.023,10.65,0.024,-0.558,0.037,-0.052,0.010,0.096,0.004,-0.141,0.013,0.477,0.016,0.893,0.035,1.082,0.049,1.152,0.051,1.6,0.1,1.15,0.09
WASP-192,4.236,0.051,0.14,0.08,5900,150,0,2.035,0.0168,11.721,0.102,10.938,0.088,12.526,0.002764,12.851,0.002857,12.037,0.003804,11.493,0.023,11.193,0.023,11.137,0.023,-0.792,0.079,-0.096,0.025,0.097,0.010,-0.212,0.030,0.559,0.017,1.073,0.048,1.329,0.072,1.414,0.076,1.32,0.07,1.23,0.08
