ID,Z_IR,R_IR,e_R_IR,R_A,e_R_A,relative_delta_R_IR,Teff,e_Teff,Plx,e_Plx,e_Plx_relative,R_J_MC,e_R_J_MC,R_H_MC,e_R_H_MC,R_K_MC,e_R_K_MC,R_K_minus_R_J,e_R_K_minus_R_J,R_all_det,e_R_all_det,Z_all_det
WASP-002,2.0066191471109924,0.8612701684644303,0.014378850275811978,0.821,0.014,4.905014429285059,5170,60,6.578,0.027,0.41045910611128006,0.8571810245084344,0.01686354704468613,0.8613972112557731,0.012755954280945048,0.8652322696290836,0.011864360241658167,0.008051245120649253,0.020618978220857145,0.8336528330148235,0.008983428606577474,0.7606443357861438
WASP-011,3.207505426651786,0.8389357960284656,0.014508407538058344,0.772,0.015,8.670439900060305,4900,65,7.7,0.0579,0.7519480519480519,0.840858330489173,0.018167927246000352,0.8352951135920517,0.012414044198556861,0.840653944004172,0.011288798287894156,-0.00020438648500098466,0.02138949618856704,0.8206636540463713,0.01018475038020385,2.6840191742619055
WASP-015,-2.5223084703370544,1.3891533826367704,0.028948025303874716,1.522,0.044,-8.72842426828053,6573,70,3.489,0.0176,0.5044425336772714,1.3651798798685117,0.02124484212735909,1.416650209520977,0.019998160593331326,1.385630058520822,0.017874840013005648,0.020450178652310358,0.02776424359688121,1.3260840892919163,0.01255760230253927,-4.2816697619806305
WASP-022,-1.9687212281438022,1.1848473239677644,0.01922902247064744,1.255,0.03,-5.589854663923149,6153,46,3.153,0.0327,1.0371075166508088,1.175485010135837,0.01878018156238223,1.1911838476199907,0.01820535176673903,1.1878731141474654,0.016977522365475915,0.012388104011628487,0.025316624679966253,1.154397398879061,0.0094527485966444,-3.198403504574198
WASP-036,-2.6043763193065566,0.9309806697850467,0.015304258087705639,0.985,0.014,-5.484195960908966,5928,59,2.649,0.0129,0.4869762174405436,0.9354018719189913,0.016392372748701103,0.933193264746428,0.013955823782409227,0.9243468726897208,0.013068136036542362,-0.011054999229270446,0.020963922910608494,0.9246087149911337,0.008795864379661632,-3.6525909979390008
WASP-038,2.0276397255443013,1.4357926384160034,0.029837387902617706,1.35,0.03,6.355010253037278,6436,60,7.337,0.0181,0.24669483440098133,1.4299490944269895,0.02054651560439382,1.425172961415858,0.03232450501647752,1.4522558594051622,0.028034805199724296,0.022306764978172744,0.03475787113832041,1.350236023096074,0.010813623794190964,0.007401300221681418
WASP-042,-2.3167577692908816,0.8264659497513412,0.01895131906457201,0.892,0.021,-7.3468666198047945,5315,79,5.621,0.0153,0.2721935598647927,0.8110621021438126,0.01776280338127366,0.8419433560346664,0.012479620254143765,0.826392391075545,0.011374950086414835,0.015330288931732383,0.02109281094188766,0.815885486697721,0.010239709598643038,-3.257843065474212
WASP-048,3.1851666247458623,1.745852659749607,0.0497143455014072,1.519,0.051,14.934342313996511,6000,150,2.164,0.0104,0.4805914972273567,1.7843525691077444,0.052578402224729065,1.73013683981256,0.038243687475649824,1.723068570328517,0.030649717482174824,-0.06128399877922752,0.06085962177209556,1.7855889163681806,0.037596033213806355,4.2075417029794675
WASP-056,2.200172346188569,1.1936988250915261,0.026511389894063833,1.112,0.026,7.347016644921406,5600,100,3.047,0.0162,0.5316704955694125,1.212766630583792,0.028321896853989594,1.1905332320110893,0.019594978683417388,1.1777966126796975,0.017206502730020307,-0.0349700179040946,0.03313900387166491,1.2087989770366658,0.018768824180240465,3.0186825670056527
WASP-057,3.4090568982741165,1.0636158056791656,0.022736646372424722,0.927,0.033,14.737411615875462,5600,100,2.468,0.0162,0.6564019448946515,1.0679043045444827,0.025916799745394903,1.0709567848118349,0.018697535494209782,1.0519863276811794,0.01794835962507291,-0.015917976863303318,0.03152497616611072,1.112179089575316,0.017244773254405762,4.973366411859753
WASP-077,2.4425632735082967,1.0361792306908202,0.029657758674170778,0.955,0.015,8.50044300427437,5605,41,9.463,0.0183,0.1933847617034767,1.029833241660997,0.012934499572809875,1.069007477031904,0.020605287112516055,1.0096969733795598,0.015086003912254667,-0.02013626828143722,0.01987180900772705,0.9491153157127739,0.006495183488152644,-0.360010505440558
WASP-078,-3.0447306690801144,2.0076069312268907,0.05143899810563158,2.35,0.1,-14.569917820132313,6100,150,1.385,0.0136,0.9819494584837544,2.0321879540881804,0.06055242002281354,1.994244945523317,0.042876388439739656,1.9963878940691742,0.03904783674944557,-0.03580006001900626,0.07205087872767814,2.0478821680213826,0.044000441672319764,-2.765325429350293
WASP-085,3.711607208270895,1.100941989539259,0.038339124745381814,0.935,0.023,17.74780636783517,5685,65,7.115,0.0305,0.42867182009838367,1.0656949952834478,0.021969800854509457,1.0923362086637378,0.02041647767616326,1.1447947646705918,0.016451590205092362,0.07909976938714403,0.027446802543522178,0.7274915000806975,0.008045152081214361,-8.51615222749733
WASP-103,2.2003698652253014,1.6705425129012357,0.10674996789511612,1.413,0.048,18.226646348282774,6110,160,1.833,0.1073,5.85379159847245,1.660522848650997,0.11011828555600015,1.6708232051589227,0.10578805638224131,1.6802814848937873,0.10332694237082247,0.019758636242790173,0.15100494638751427,1.6719905881147368,0.05229861509563361,3.648426051488616
WASP-105,4.140178612983734,1.092456431883073,0.035508595700743696,0.9,0.03,21.384047987008106,5070,130,4.603,0.0893,1.9400391049315664,1.0956327547378741,0.043640836859351495,1.095009520185499,0.03165703123174147,1.0867270207258457,0.028752472106122206,-0.008905734012028432,0.05226114516538905,1.100153539842865,0.025802468349003356,5.058242610377012
WASP-124,3.8605529654946094,1.1339215141494121,0.0216976510859576,1.02,0.02,11.168775897001186,6050,100,2.104,0.0145,0.6891634980988594,1.1322612895758302,0.02430929020567875,1.1261565617954714,0.018794634664943206,1.1433466910769345,0.0177870315587968,0.011085401501104375,0.030121754297808452,1.172028150991922,0.01708812430503274,5.779226471151017
WASP-129,8.972219124779839,1.1683755275875942,0.02224225265897732,0.9,0.02,29.81950306528824,5900,100,3.174,0.0159,0.500945179584121,1.174548019392953,0.025899115461388806,1.1721900045545974,0.018786743860497338,1.158388558815232,0.017553967118130176,-0.016159460577720886,0.03128747262510579,1.1396897169092282,0.01701405169670958,9.128285399455176
WASP-135,-2.248754194212862,0.8285211255464899,0.03030577772712687,0.96,0.05,-13.695716088907295,5680,60,3.33,0.0134,0.40240240240240244,0.7892872006935471,0.012250950865351197,0.8487213235577136,0.01389349394772719,0.8475548523882093,0.010125543114132851,0.05826765169466219,0.015893785592533093,0.7328233729164043,0.007143359723882217,-4.497861409331486
WASP-144,4.649492728291241,1.0903015820893407,0.04510499410532395,0.81,0.04,34.60513359127662,4950,150,2.994,0.0837,2.795591182364729,1.0844320819271678,0.054682099842367146,1.0967221113167303,0.04007923676063159,1.0897505530241245,0.03783286521981023,0.005318471096956712,0.06649404284528754,1.1293918768811078,0.032157285172810884,6.223124364381151
WASP-171,3.1589444416220256,1.9480532975942304,0.03761441948501783,1.637,0.091,19.001423188407475,5965,100,1.376,0.0109,0.7921511627906977,1.9482570502564958,0.043170044566814045,1.9599965486009057,0.034292551010119514,1.93590629392529,0.030247700244401717,-0.012350756331205748,0.05271220084549583,1.9865341118406288,0.028756981424131474,3.6625107976558198
WASP-180,-3.403725889981682,0.9465269153140216,0.03894525716199163,1.19,0.06,-20.459923082855326,6500,150,3.842,0.0302,0.7860489328474752,0.9002931930939397,0.025794821193151674,0.972281344496573,0.019192363942868572,0.9670062083515524,0.017210802299963326,0.06671301525761264,0.03100942624743466,0.8705398379893581,0.016618460036634523,-5.131154830820201
WASP-182,-2.9458416976530755,1.2278790211333597,0.02342267237844774,1.34,0.03,-8.36723722885376,5638,100,3.045,0.0155,0.5090311986863711,1.223049568197868,0.028862266891573063,1.2327639944438056,0.021330267862533746,1.2278235007584057,0.017628650551762107,0.004773932560537819,0.03382010896488267,1.2245456373090127,0.019607452783330065,-3.2214498441726724
