ID,Teff,e_Teff,Plx,e_Plx,distance,e_distance,e_Plx_relative,R_all_det,e_R_all_det,Z_all_det,R_J_MC,e_R_J_MC,R_H_MC,e_R_H_MC,R_K_MC,e_R_K_MC,R_IR,e_R_IR,R_IR_median,R_IR_p16,R_IR_p84,Z_IR,R_A,e_R_A,delta_R_all_det,delta_R_IR
WASP-001,6160,64,2.611,0.0218,382.9950210647261,3.197737058296066,0.834929145921103,1.434499390916139,0.014235066997084277,-1.0136260203764458,1.454519484740416,0.023721958005410965,1.457794829311045,0.01881920993215022,1.4652492798800358,0.01916373156843151,1.4591878646438325,0.02117021522705519,1.4592937411088118,1.4383986304226635,1.480010425569753,-0.28179372005624503,1.47,0.032,-0.03550060908386099,-0.01081213535616743
WASP-002,5170,60,6.578,0.027,152.02189115232594,0.6239876955173,0.41045910611128006,0.8336528330148235,0.008983428606577474,0.7606443357861438,0.8571810245084344,0.01686354704468613,0.8613972112557731,0.012755954280945048,0.8652322696290836,0.011864360241658167,0.8612701684644303,0.014378850275811978,0.861549894847131,0.8472957703252267,0.87532065043487,2.0066191471109924,0.821,0.014,0.012652833014823561,0.04027016846443032
WASP-003,6340,90,4.334,0.012,230.73373327180437,0.63885666803453,0.2768804799261652,1.3176036521144416,0.015308083241580665,0.35535459410522685,1.3370457193329344,0.02320724313562272,1.340208272362932,0.014835395896311042,1.323123227851247,0.014174975454889587,1.3334590731823712,0.019363040279783084,1.3327772895838232,1.314550334450656,1.3523283432044841,0.6284139346020916,1.298,0.053,0.019603652114441594,0.03545907318237118
WASP-004,5540,55,3.662,0.0147,273.07482250136536,1.0961769226570375,0.4014199890770071,0.8892335929418179,0.008265681364279456,-1.0484321127506342,0.8899329185355146,0.015205987003725744,0.8933892606145293,0.01267799323487096,0.894630062736684,0.010805412800014177,0.892650747295576,0.013172277246110515,0.8927409648404661,0.8798966805725248,0.9054786874435922,-0.7778222300004382,0.91,0.018,-0.020766407058182113,-0.017349252704424
WASP-005,5770,65,3.188,0.015,313.6762860727729,1.4758921866661208,0.4705144291091593,1.1316886464364206,0.011233862911679542,1.0515334058622896,1.0824923041365802,0.018072653966206165,1.0911763172951419,0.015717636532767258,1.0734738326247706,0.014335057077620856,1.0823808180188308,0.017661820258894505,1.081962761749059,1.064750266328196,1.1001473391134553,-0.12850972066272104,1.088,0.04,0.043688646436420564,-0.005619181981169286
WASP-006,5375,65,5.007,0.013,199.72039145196723,0.5185470519024513,0.25963650888755746,0.814656900755912,0.008971684114604363,-1.8577216803807566,0.817904349483171,0.015446902609548747,0.8010506815431018,0.011503456914235698,0.8101376458335433,0.011323567069657961,0.809697558953272,0.014622408991375468,0.8088733411925297,0.7954419623706367,0.8239028356903972,-1.8749353569510117,0.864,0.025,-0.04934309924408797,-0.05430244104672799
WASP-007,6520,70,6.19,0.0176,161.55088852988692,0.45933693669240866,0.28432956381260094,1.4261428927085058,0.012762352441754886,-0.583184238731378,1.4201486226953752,0.02358099917541243,1.4607257763671435,0.030027708742493033,1.427309395789306,0.017799996111594378,1.436061264950608,0.030070057981069518,1.4327996222914057,1.4079319687276022,1.465320630157095,-0.4509747788681017,1.478,0.088,-0.051857107291494176,-0.04193873504939205
WASP-008,5690,36,11.105,0.0175,90.04952723998198,0.14190605373252455,0.1575866726699685,0.9482792656791876,0.005403780349464725,-1.2783890123340893,0.9692186875987038,0.014098095196668622,0.96819213784458,0.022254243508093977,0.9849996662530024,0.011310140923326162,0.9741368305654289,0.01825200218993748,0.9753486965396201,0.9563098670796653,0.9917193354967984,-0.0669643774389082,0.976,0.021,-0.027720734320812346,-0.0018631694345710992
WASP-010,4735,69,7.072,0.0135,141.40271493212668,0.26992882516737987,0.19089366515837106,0.7323900517383094,0.009735308296063694,1.6261022738315203,0.7328046898335852,0.017346612108261314,0.7207028734720482,0.012297359111030224,0.7216087394156782,0.008854313400899478,0.7250387675737705,0.0143917932331705,0.7236262121387,0.7119132253114407,0.7381353316104438,1.3406181242743729,0.678,0.032,0.05439005173830935,0.04703876757377046
WASP-011,4900,65,7.7,0.0579,129.87012987012986,0.9765559116208467,0.7519480519480519,0.8206636540463713,0.01018475038020385,2.6840191742619055,0.840858330489173,0.018167927246000352,0.8352951135920517,0.012414044198556861,0.840653944004172,0.011288798287894156,0.8389357960284656,0.014508407538058344,0.8385661148343404,0.8250977145497508,0.8526813978867563,3.207505426651786,0.772,0.015,0.048663654046371296,0.06693579602846556
WASP-012,6313,52,2.421,0.0166,413.0524576621231,2.832164724159952,0.6856670797191243,1.5237589571800363,0.012382283010420745,-2.7969845247194676,1.6055071794041413,0.023686665568868438,1.6484085567803894,0.02193664705138621,1.6215685604764278,0.020000721000410292,1.6251614322203192,0.028177211813733456,1.6248956421894736,1.5970508824823682,1.6537928584309778,-0.590215168891986,1.657,0.046,-0.13324104281996374,-0.03183856777968086
WASP-013,6025,21,4.331,0.0195,230.8935580697298,1.0395807855829442,0.45024243823597315,1.517829215848378,0.0061021652671086795,-1.7564235087477704,1.5206670734785142,0.017167272575572306,1.5363291820096558,0.013677368013901913,1.5241786056785425,0.013354005596433115,1.5270582870555707,0.01628051260464364,1.5273157273494888,1.5108944745312758,1.543275910396458,-1.6109784069710913,1.657,0.079,-0.1391707841516221,-0.12994171294442936
WASP-014,6462,75,6.221,0.0172,160.74586079408456,0.44443478631381683,0.27648288056582543,1.2887975568887422,0.012037560611503243,-0.3049557446812672,1.2877425280808106,0.01935911909283363,1.309476606489439,0.01502454454806674,1.2861513649487362,0.014177837697925988,1.2944568331729953,0.0195033132574962,1.2941559728966494,1.2750163400676104,1.3143878978434178,-0.24275977398261073,1.318,0.095,-0.02920244311125786,-0.023543166827004747
WASP-015,6573,70,3.489,0.0176,286.61507595299514,1.4458083510383246,0.5044425336772714,1.3260840892919163,0.01255760230253927,-4.2816697619806305,1.3651798798685117,0.02124484212735909,1.416650209520977,0.019998160593331326,1.385630058520822,0.017874840013005648,1.3891533826367704,0.028948025303874716,1.3882305513478328,1.35977649242502,1.419517369166547,-2.5223084703370544,1.522,0.044,-0.19591591070808367,-0.13284661736322967
WASP-016,5630,70,5.191,0.0262,192.64110961279135,0.9722976443566046,0.5047197071855134,1.0471486332959377,0.011936102391104956,-0.9127002526848691,1.066497236108072,0.02003003012745206,1.075681759634806,0.015049563013394069,1.0643196161866693,0.014631793388696935,1.0688328706431824,0.01745908617641588,1.0687918304389297,1.0517323563995746,1.0860635152970926,-0.3994155677365026,1.087,0.042,-0.03985136670406231,-0.018167129356817524
WASP-017,6550,100,2.481,0.0255,403.0632809351068,4.142730215173407,1.0278113663845223,1.4557495125668658,0.020214804738459137,-2.7837093718382313,1.507563556648016,0.033169464582527314,1.5159657872430115,0.0263916859518274,1.5370082838437757,0.027449096579444474,1.5201792092449344,0.031676269026037526,1.520434356515509,1.489078953726585,1.551468735896779,-1.2124976753276762,1.583,0.041,-0.12725048743313416,-0.06282079075506553
WASP-018,6400,70,8.144,0.0116,122.78978388998036,0.17489703992187772,0.1424361493123772,1.2353593851290061,0.011074591054059394,-0.6522830135935387,1.2235589084248017,0.017097722012242748,1.2193967302236872,0.03183233737984916,1.2354879552711737,0.017235321798312254,1.2261478646398876,0.024097729652391937,1.2271957928918185,1.2040655180030342,1.2485110761063802,-0.7810148182370005,1.255,0.028,-0.019640614870993778,-0.02885213536011233
WASP-019,5460,90,3.752,0.009,266.52452025586354,0.6393178790785641,0.23987206823027718,1.0159538469825002,0.014221994115588237,-0.09898955910972503,0.9959042548526359,0.023110503867412507,0.9837202299878769,0.015235192168240376,0.9928029241205877,0.014513143557735341,0.9908091363203667,0.01877021904781713,0.9900682612378101,0.9729469914376413,1.0084704075246966,-1.1316556046425268,1.018,0.015,-0.0020461530174997744,-0.027190863679633304
WASP-020,5987,20,3.47,0.7095,288.1844380403458,58.924166798162915,20.446685878962537,1.700508825555521,0.12344633290551846,3.4896110404780067,1.7830475006725062,0.43620606589966454,1.81382097616275,0.4430568322282254,1.7696154742673622,0.4323769740848895,1.7888279837008725,0.4376124306491128,1.7023052473502491,1.412908213955736,2.148447308822701,1.2430167689499128,1.242,0.045,0.45850882555552097,0.5468279837008725
WASP-021,5924,55,3.909,0.0197,255.81990278843693,1.2892433064549007,0.5039652084932208,1.1197015813221427,0.009734999206305876,-0.31390919342953677,1.1392031803377536,0.017299272867897605,1.1372441478251287,0.01444258794006318,1.1506903226831802,0.012207839254350362,1.1423792169486875,0.015941297243900452,1.142835215277349,1.1264389692525762,1.1582141649565991,0.11938638773542476,1.136,0.051,-0.016298418677857196,0.006379216948687594
WASP-022,6153,46,3.153,0.0327,317.1582619727244,3.2892721745981883,1.0371075166508088,1.154397398879061,0.0094527485966444,-3.198403504574198,1.175485010135837,0.01878018156238223,1.1911838476199907,0.01820535176673903,1.1878731141474654,0.016977522365475915,1.1848473239677644,0.01922902247064744,1.1849028633179355,1.1659211504053932,1.2039365866517755,-1.9687212281438022,1.255,0.03,-0.10060260112093888,-0.07015267603223552
WASP-023,5046,99,4.86,0.0086,205.76131687242795,0.3641043878812511,0.17695473251028807,0.8298188069387109,0.014320366376651818,0.30074609763076876,0.8311889447295009,0.02290433925453793,0.8354472667222035,0.01421776861861087,0.8156319538135266,0.012858434956801529,0.827422721755077,0.01923227145115793,0.826501961127208,0.8083507875287801,0.8462704641275058,0.2205172811614011,0.819,0.033,0.010818806938710956,0.008422721755077078
WASP-024,6107,77,3.033,0.0208,329.7065611605671,2.2610934626243964,0.6857896472139796,1.340676565149032,0.0153597187379327,0.540774986114267,1.3462218331557756,0.024606890417896467,1.3500704257924037,0.021477021439243797,1.3470818128831836,0.019724081904143365,1.3477913572771207,0.02208970454628633,1.3477618114033492,1.3259036616393756,1.3696475644226986,0.6611554122040855,1.317,0.041,0.023676565149032047,0.03079135727712079
WASP-025,5736,35,4.65,0.023,215.0537634408602,1.0637067869117816,0.49462365591397844,0.872105690055522,0.005455350341391854,-2.7590835927912596,0.8792571336373454,0.013088271496322718,0.8949284678887736,0.011223428782179436,0.8974331441179624,0.010249322871221551,0.8905395818813604,0.014099333674824686,0.8916427383757383,0.8763356633365182,0.9043215358305251,-1.4634140660755317,0.924,0.018,-0.05189430994447808,-0.033460418118639645
WASP-026,6015,55,3.957,0.0247,252.71670457417238,1.5774835994394893,0.6242102602982057,1.2675064736279953,0.010822914245697807,-0.43875453669590025,1.281649952016158,0.019995306133123465,1.2817362244797248,0.017544537568954043,1.2857482964180118,0.017413129846369498,1.2830448243046315,0.018454809622129576,1.282979382711615,1.2645799133870539,1.3012315643134031,-0.023611014270612775,1.284,0.036,-0.01649352637200474,-0.0009551756953685153
WASP-028,6084,45,2.922,0.0151,342.23134839151265,1.7685466669102812,0.5167693360711841,1.072278590702558,0.0077867256854040135,-0.4094548210332934,1.0590098533225474,0.01606926142280294,1.0946748998062608,0.013949010499215285,1.0732569463610255,0.013825597112772989,1.0756472331632778,0.02072429913799126,1.075414612131384,1.0545786648165054,1.0971482484010868,-0.22642699744622843,1.083,0.025,-0.01072140929744192,-0.007352766836722147
WASP-029,4875,65,11.435,0.0151,87.4508089199825,0.11547942410946532,0.1320507214691736,0.7491322376448925,0.008942982724410135,-1.3110967714727855,0.7734076622015423,0.015960489411838898,0.7738779240368746,0.01017166986536662,0.7617623984074271,0.009458102446907484,0.7696826615486146,0.013439190365637862,0.7691053626869366,0.7565437752901605,0.7826792493017563,-0.8328652164539355,0.808,0.044,-0.0588677623551076,-0.03831733845138541
WASP-030,6190,50,2.808,0.0202,356.1253561253562,2.5618704393633176,0.7193732193732194,1.407751350359923,0.011563299550531689,0.5362543582372935,1.3970697172365103,0.022665738035920233,1.4028263947542479,0.0192402116286955,1.4087295720374966,0.01965473721596107,1.4028752280094183,0.021119717363267593,1.4029880964159334,1.3821456730253623,1.4234870742687062,0.3541440356198836,1.389,0.033,0.018751350359923036,0.013875228009418317
WASP-031,6175,70,2.576,0.0163,388.19875776397515,2.456381891130743,0.6327639751552795,1.2711336601490126,0.013506474282959929,0.5366025207245845,1.2771226663941313,0.021268975845555083,1.2609236381508382,0.017189173552785403,1.2544824809724147,0.019128052116659605,1.2641762618391281,0.0214927317930786,1.2632589661455365,1.2432386308416092,1.2854093471975512,0.30918386895243266,1.252,0.033,0.019133660149012632,0.012176261839128122
WASP-032,6100,100,3.571,0.0373,280.0336040324839,2.925021963150839,1.044525343041165,1.1323879167273767,0.016895491973963988,0.4241948611532957,1.1249481003991777,0.02564698885831042,1.1328109572746663,0.02214693522231179,1.1398922202903128,0.019879261570122903,1.1325504259880526,0.023488336243849287,1.1330483955519852,1.1091699324475857,1.155537966258902,0.4082100507172774,1.11,0.05,0.02238791672737661,0.022550425988052458
WASP-033,7430,100,8.224,0.0327,121.5953307392996,0.48348337976350886,0.3976167315175097,1.5290250312791798,0.016661917439380336,0.5835401063953735,1.544724033646084,0.02550185352998321,1.5470284730711403,0.021146573894411907,1.5377260684907055,0.021046731676617518,1.54315952506931,0.02300235345528984,1.5427715653764482,1.5202686289346066,1.5659097875597903,0.9036063174099003,1.509,0.03,0.020025031279179872,0.03415952506931008
WASP-034,5704,26,7.621,0.0164,131.2163758037003,0.2823708913765497,0.2151948563180685,1.0485276687012,0.0049826730560157744,0.9868801991243792,1.0395661539067027,0.013828705675653943,1.057502293738695,0.020987788622549058,1.0380722361489043,0.010523623264283972,1.0450468945981006,0.018039278072690318,1.0426796468202562,1.0285832077271102,1.0616938156110265,0.9480715639530273,0.93,0.12,0.1185276687011999,0.11504689459810058
WASP-035,6072,62,4.941,0.016,202.38818053025702,0.6553756098935666,0.32382108884841126,1.070480724704823,0.009806562468520798,-0.6184395428084936,1.081929033882857,0.019019122546887264,1.1063183829069398,0.01418180288498985,1.1052717582549623,0.012820516880604578,1.0978397250149197,0.019213304870380407,1.0999828800321496,1.0788262139849178,1.1161534943647444,0.2200615497926915,1.09,0.03,-0.019519275295177163,0.007839725014919585
WASP-036,5928,59,2.649,0.0129,377.5009437523594,1.838339816687594,0.4869762174405436,0.9246087149911337,0.008795864379661632,-3.6525909979390008,0.9354018719189913,0.016392372748701103,0.933193264746428,0.013955823782409227,0.9243468726897208,0.013068136036542362,0.9309806697850467,0.015304258087705639,0.9304824418046729,0.9158583427219199,0.9461536292050677,-2.6043763193065566,0.985,0.014,-0.06039128500886626,-0.05401933021495331
WASP-037,5940,55,2.626,0.0173,380.8073115003808,2.5087458069141615,0.6587966488956588,1.0126049172771105,0.009010396976398952,0.17866136105083133,1.0000745385166,0.015729876261989295,1.0209155076228589,0.015005796755955625,1.0274814463325874,0.013939736483309638,1.0161571641573488,0.018942196566613893,1.0172446363695176,0.9965994962280573,1.0350327789522973,0.23376686312600028,1.003,0.053,0.009604917277110658,0.01315716415734891
WASP-038,6436,60,7.337,0.0181,136.2954886193267,0.3362339299454564,0.24669483440098133,1.350236023096074,0.010813623794190964,0.007401300221681418,1.4299490944269895,0.02054651560439382,1.425172961415858,0.03232450501647752,1.4522558594051622,0.028034805199724296,1.4357926384160034,0.029837387902617706,1.4352047390463112,1.4072015365335957,1.4647400961378392,2.0276397255443013,1.35,0.03,0.0002360230960738452,0.08579263841600326
WASP-039,5485,50,4.644,0.0144,215.33161068044785,0.6676949168385978,0.31007751937984496,0.8882840276006014,0.00759534230023182,-2.1790623575727976,0.8996260320555904,0.014377630872100883,0.9075563925512159,0.01149103694018713,0.9112485562213635,0.011094773744895732,0.9061436602760566,0.0133211738292376,0.9065784388658136,0.8932101035173852,0.9191482651037786,-1.277525166972213,0.939,0.022,-0.05071597239939851,-0.032856339723943306
WASP-041,5546,33,6.119,0.0203,163.42539630658604,0.5421695612066835,0.33175355450236965,0.8564631567062375,0.005016418028913031,-2.2709602289838124,0.8735275404640893,0.011756248375593633,0.8821786415831971,0.010661507501789184,0.8741754109042624,0.008783111663742262,0.8766271976505162,0.011186859014067867,0.8764305510311149,0.8657029807148428,0.8876883980466492,-0.571315022158209,0.886,0.012,-0.029536843293762494,-0.009372802349483789
WASP-042,5315,79,5.621,0.0153,177.90428749332858,0.48424401328018635,0.2721935598647927,0.815885486697721,0.010239709598643038,-3.257843065474212,0.8110621021438126,0.01776280338127366,0.8419433560346664,0.012479620254143765,0.826392391075545,0.011374950086414835,0.8264659497513412,0.01895131906457201,0.8275741475210804,0.8077356276426672,0.845084898162511,-2.3167577692908816,0.892,0.021,-0.07611451330227903,-0.06553405024865877
WASP-043,4240,30,11.474,0.0163,87.15356458079135,0.12381062425195218,0.1420603102666899,0.702826758398188,0.005027566436906423,0.32448004121480334,0.6989066081935984,0.010926314254337524,0.6773667035114932,0.00954273091541379,0.6663834336142729,0.00945211775440855,0.6808855817731215,0.016805168327533673,0.6788384057625546,0.6638625585820016,0.6997345932646374,-0.782456755993524,0.698,0.014,0.004826758398188025,-0.017114418226878425
WASP-044,5400,150,2.764,0.0199,361.794500723589,2.604815689001238,0.7199710564399422,0.9727411388998947,0.023967615035914387,2.398131165522643,0.9537374426501006,0.03451020912379356,0.9280094814343953,0.02193227260541409,0.9139098612372778,0.01983626405867866,0.931885595107258,0.03098924803496308,0.9277342269502369,0.9026302036799307,0.9609307150725916,1.3640655546977807,0.865,0.038,0.10774113889989467,0.066885595107258
WASP-045,5100,200,4.652,0.0226,214.96130696474634,1.044309014919017,0.48581255374032667,0.9468509115058709,0.03230050183007362,0.741807009482267,0.9376770224795786,0.04935852943410639,0.9297940029477563,0.028800117230523118,0.9076147971160193,0.02359409694181827,0.9250286075144514,0.03789496950722262,0.9209625603124918,0.8901166119410578,0.9596978683299846,0.17898768064601941,0.917,0.024,0.029850911505870825,0.008028607514451336
WASP-046,5600,150,2.688,0.0131,372.02380952380946,1.8130624645691609,0.48735119047619047,0.9673854981249468,0.021904142089081338,3.146183584695414,0.9275518405776293,0.030631245998628254,0.9091593338726532,0.019811172636119475,0.8999597785314402,0.018132029492236294,0.9122236509939075,0.0261672493085584,0.909452838179606,0.8875998395313491,0.9366103682589081,1.4421362613097846,0.858,0.027,0.1093854981249468,0.05422365099390747
WASP-047b,5576,67,3.701,0.0201,270.1972439881113,1.4674316682412962,0.5430964604161037,1.1076094327639971,0.01241693479779702,-1.6348787480853244,1.123805816846842,0.02058419728780901,1.1251355512044836,0.016129506367710322,1.1335486269068633,0.017247916313663476,1.1274966649860632,0.01859319469404126,1.1274850613989524,1.1089814157853661,1.1458850396325746,-0.41888619607507616,1.137,0.013,-0.029390567236002862,-0.009503335013936853
WASP-047c,5576,67,3.701,0.0201,270.1972439881113,1.4674316682412962,0.5430964604161037,1.1077158528902575,0.012340350690896961,-1.633758493333261,1.1239399270282813,0.020391107475837392,1.1251953815448483,0.016046767265028128,1.1332709712913724,0.016831162390772772,1.127468759954834,0.01832856180937959,1.1274068242613304,1.1094291224762225,1.1455435820619007,-0.42416141892843284,1.137,0.013,-0.029284147109742475,-0.009531240045165923
WASP-047d,5576,67,3.701,0.0201,270.1972439881113,1.4674316682412962,0.5430964604161037,1.1078338339596472,0.012313941755427184,-1.6288276205613268,1.123305267997836,0.020481363760162474,1.1246414347400124,0.015973801526593324,1.133166996756002,0.01685555059585499,1.1270378998312836,0.01840233305675123,1.126950147961062,1.109006764366702,1.1451631850888264,-0.4421508650650748,1.137,0.013,-0.029166166040352826,-0.009962100168716459
WASP-048,6000,150,2.164,0.0104,462.1072088724584,2.2208479539156967,0.4805914972273567,1.7855889163681806,0.037596033213806355,4.2075417029794675,1.7843525691077444,0.052578402224729065,1.73013683981256,0.038243687475649824,1.723068570328517,0.030649717482174824,1.745852659749607,0.0497143455014072,1.7386190551041107,1.6997852677173761,1.7930810259916405,3.1851666247458623,1.519,0.051,0.2665889163681807,0.226852659749607
WASP-049,5600,150,5.132,0.0158,194.85580670303978,0.5999068094130999,0.30787217459080285,1.0114245553386212,0.022273257245693293,-0.6033491527486171,1.0155822389218458,0.03333977106331799,1.0185869299460086,0.022316833673611786,1.0073651344337338,0.018451447909352582,1.013844767767196,0.025931975943519606,1.0126977507971604,0.9896321398861245,1.0380597254912065,-0.5250557609475074,1.038,0.038,-0.026575444661378844,-0.024155232232804025
WASP-050,5518,42,5.487,0.0174,182.2489520685256,0.5779354412233177,0.3171131765992345,0.8512258633768119,0.006221544206771166,-0.18877583843480897,0.8503610114387277,0.011864025163535507,0.8641533488731722,0.010242393614639059,0.8540803101975838,0.009473306877673865,0.8561982235031612,0.012072405423325779,0.8562241904135464,0.844245601407821,0.8682072485545683,0.053228467995343684,0.855,0.019,-0.0037741366231880402,0.0011982235031612332
WASP-052,5000,100,5.726,0.0134,174.64198393293748,0.408697622197234,0.23402025847013624,0.8826733886377611,0.014954736334453267,4.414152885664584,0.8471875974704075,0.02381187606728421,0.8300230685696924,0.015891501153681535,0.8230330302452469,0.013876058926016697,0.8334145654284488,0.02098418469535099,0.8309104812629311,0.8135520844365036,0.8534044957808579,1.7968107943466545,0.786,0.016,0.09667338863776109,0.047414565428448796
WASP-053,4950,60,4.985,0.0113,200.6018054162487,0.45472425299972125,0.22668004012036105,0.8401378323101402,0.009363206290452794,1.6968595986650221,0.8277789260853702,0.01685260540292147,0.8413905531910574,0.01138190264055145,0.8253204194296839,0.010900910811511427,0.8314966329020371,0.015079942421434981,0.83146408204094,0.8164584188621467,0.8466342103242867,1.217934842484123,0.798,0.023,0.04213783231014012,0.03349663290203708
WASP-054,6296,40,3.986,0.02,250.87807325639739,1.2587961528168459,0.5017561465127948,1.614018097883963,0.010079193892218454,-2.337157215163704,1.6409632970554937,0.02128325007594171,1.6625680891664525,0.022871440770177456,1.6835748350779687,0.02056529310792674,1.6623687404333052,0.027730122060048,1.6625268587861164,1.6339205881385446,1.6906440668318035,-1.7410810257879246,1.828,0.091,-0.21398190211603696,-0.1656312595666949
WASP-055,6070,53,3.419,0.0204,292.4831822170225,1.7451468023478385,0.596665691722726,1.020260250883354,0.008703396406909697,-3.5957826465669136,1.0352164395384564,0.017127288616290516,1.0827340035606463,0.014257935010780208,1.0673040413923656,0.014316321124580193,1.0617514948304894,0.025011915710708064,1.0647741609316772,1.0338162294353168,1.0866189949745981,-1.2323946228086846,1.102,0.021,-0.08173974911664605,-0.04024850516951073
WASP-056,5600,100,3.047,0.0162,328.1916639317361,1.7448982460433622,0.5316704955694125,1.2087989770366658,0.018768824180240465,3.0186825670056527,1.212766630583792,0.028321896853989594,1.1905332320110893,0.019594978683417388,1.1777966126796975,0.017206502730020307,1.1936988250915261,0.026511389894063833,1.1906489683785968,1.1684749833293526,1.2191487289290626,2.200172346188569,1.112,0.026,0.09679897703666573,0.08169882509152604
WASP-057,5600,100,2.468,0.0162,405.1863857374392,2.6596513164288957,0.6564019448946515,1.112179089575316,0.017244773254405762,4.973366411859753,1.0679043045444827,0.025916799745394903,1.0709567848118349,0.018697535494209782,1.0519863276811794,0.01794835962507291,1.0636158056791656,0.022736646372424722,1.0628188029161167,1.0413341422351252,1.0858106895099648,3.4090568982741165,0.927,0.033,0.18517908957531604,0.13661580567916554
WASP-058,5800,150,3.396,0.0112,294.4640753828033,0.9711418269397516,0.32979976442873965,1.1940179164066138,0.026157879916186663,0.18112299598768455,1.1884093936907647,0.03774843230398027,1.1688021412107696,0.026465270012837255,1.169314473034958,0.020688434510495294,1.1755086693121641,0.030566748561998276,1.1731377650007726,1.1469181093171177,1.2035878642603206,0.04124946786388854,1.17,0.13,0.02401791640661388,0.005508669312164205
WASP-059,4650,150,8.618,0.014,116.03620329542817,0.18850160665305107,0.16245068461359946,0.646960657202204,0.017768477106654468,0.7156802148403234,0.6684769679904328,0.030752448837867177,0.6697049777580816,0.01796543048137786,0.67690482244446,0.015152757362045846,0.6716955893976583,0.02265270794636869,0.6716385460883033,0.6513390341259846,0.6918827250164047,1.1860369061535287,0.613,0.044,0.03396065720220398,0.05869558939765829
WASP-060,6105,50,2.324,0.0194,430.2925989672978,3.591943382085017,0.8347676419965577,1.3323805691508142,0.011314954860830832,-1.024738241842182,1.381483168783759,0.021857587142014086,1.4390789782256368,0.024231631659711202,1.4323937783876606,0.019304055078611784,1.4176519751323517,0.033774560067839465,1.4217193945375224,1.3795563578970527,1.450984001508707,0.22460215060418465,1.401,0.066,-0.06861943084918587,0.016651975132351726
WASP-061,6250,150,2.065,0.0094,484.26150121065376,2.2043864946150826,0.45520581113801456,1.3432927566166557,0.02808962666796322,-1.1364907992380846,1.3638591336420005,0.038570411077699374,1.344415859831035,0.025124884590057784,1.3167758012709485,0.02430200924537532,1.3416835982479949,0.03572580180686393,1.338789689236754,1.3071314593849446,1.3758767778075291,-1.0356950929660682,1.39,0.03,-0.0467072433833442,-0.04831640175200502
WASP-062,6230,80,5.691,0.0113,175.71604287471447,0.348900243276098,0.19855912844842732,1.2328753249985929,0.012904634913875212,-0.9125888608277541,1.2112490601276757,0.021104563576836616,1.2399919694687571,0.017244620783172186,1.2351044863323424,0.015148383084184291,1.228781838642925,0.021948767913227817,1.2305707948545426,1.2067437244948271,1.2499977578658803,-0.9379690010525177,1.28,0.05,-0.04712467500140716,-0.05121816135707502
WASP-063,5715,60,3.461,0.0118,288.93383415197917,0.9850965741096083,0.34094192429933545,1.6725077574793754,0.015405929509573391,-2.0507288648786015,1.6878541946574053,0.02807375433901847,1.7480890224416616,0.021853410903035997,1.728343315355427,0.02071535739958113,1.721428844151498,0.03454762539179344,1.7252158757461775,1.6848334686626876,1.7552176438391722,-1.4987889919881705,1.88,0.1,-0.20749224252062448,-0.1585711558485019
WASP-064,5550,150,2.772,0.0102,360.7503607503608,1.3274363923714576,0.367965367965368,1.1072342231668744,0.024972777428491705,1.3933125070766383,1.0783341264833093,0.03595906312563313,1.0580014158651816,0.02273674588919006,1.0731889397449603,0.0197204147837016,1.0698414940311505,0.02841529573744003,1.0686201872971903,1.042864490560979,1.0957566933401646,0.31287433759497146,1.058,0.025,0.049234223166874314,0.011841494031150424
WASP-065,5600,100,3.636,0.0202,275.027502750275,1.527930570834861,0.5555555555555556,1.1137036990741822,0.017739411105295977,1.9546959665446773,1.1217617966327673,0.026747649857988255,1.0758668158297788,0.021454209630114712,1.0778167447168086,0.016495866432559646,1.0918151190597851,0.030522604904963346,1.086681563157606,1.0631808576307022,1.1238525137934474,1.3966364624209746,1.01,0.05,0.1037036990741822,0.08181511905978511
WASP-066,6600,150,1.996,0.0313,501.00200400801606,7.856394151027507,1.5681362725450902,1.6379040797173992,0.03257313455684003,-1.1711651739952103,1.6917078614788097,0.049308886968176306,1.7324673037276808,0.04024620493172818,1.7160836814710347,0.03806187913699881,1.713419615559175,0.04597391761637386,1.7138501966025252,1.6685409618239773,1.7584433912554684,-0.36195853292323255,1.75,0.09,-0.11209592028260085,-0.03658038444082501
WASP-067,5417,85,5.272,0.0123,189.6813353566009,0.44254181048675845,0.2333080424886191,0.7949465625093082,0.011197209142961954,-0.8933735459252533,0.8215104631230704,0.018588625895921904,0.8412553409016617,0.01296017567385717,0.8341324322787687,0.011370043054452692,0.8322994121011669,0.016760219781286362,0.8334155718257563,0.816392154307961,0.8482055012544849,0.5531857730029525,0.817,0.022,-0.022053437490691774,0.01529941210116692
WASP-068,5910,60,4.347,0.0144,230.04370830457785,0.7620495513195125,0.3312629399585921,1.5603450995088823,0.014030111217589533,-1.1692088771660056,1.6158425992986647,0.02544489109973658,1.65261748198936,0.021589190099978364,1.6581057816355655,0.020419826262152215,1.6421886209745302,0.029363628819374706,1.644924316388959,1.6117385949924914,1.6711224901824484,-0.41994414538634073,1.69,0.11,-0.1296549004911176,-0.047811379025469725
WASP-069,4700,50,19.886,0.017,50.286633812732575,0.04298867418366961,0.08548727748164539,0.8712011910236608,0.00814653579132281,1.9958546800178174,0.8584750197895377,0.015868070389203143,0.8438868984398717,0.011004251366036787,0.8236016444082065,0.010598570688529754,0.8419878542125386,0.01913716033056238,0.8413772129814077,0.8221105622008339,0.8613597981311524,0.8547193818287707,0.813,0.028,0.058201191023660837,0.02898785421253869
WASP-070,5864,25,4.337,0.0263,230.57412958266085,1.398224488822684,0.606409960802398,1.196179734593456,0.0064495273197365255,-0.6916263853809984,1.2082586790602912,0.021662026699183257,1.2211207257335943,0.026147251088607916,1.2474818123662963,0.01929560664490529,1.2256204057200606,0.02783741676869829,1.2259425158381032,1.1966398606782616,1.2542393784249837,-0.3029997751027459,1.251,0.079,-0.054820265406543944,-0.0253795942799393
WASP-071,6180,52,2.816,0.0265,355.1136363636364,3.3418009103822315,0.9410511363636364,2.0320942739297014,0.017557596480740633,-1.3335285729252624,2.067654885473629,0.03368183240409737,2.086576608895557,0.031051446045995246,2.099924522213933,0.03108306140078918,2.0847186721943736,0.03459513772875983,2.0849221838032133,2.050265525326054,2.119247892889679,-1.0103580903221705,2.26,0.17,-0.22790572607029835,-0.17528132780562622
WASP-072,6250,100,2.389,0.0252,418.5851820845543,4.415381577451138,1.0548346588530768,2.0852399646880975,0.028509737177627368,0.43543833674254506,2.097031267358834,0.047213514835724335,2.125732591781948,0.0386750359584504,2.1590572520950366,0.036605720162936374,2.127273703745273,0.048276128130066445,2.1289444232561117,2.0787989027589933,2.1755505574603515,0.6015904758466356,1.98,0.24,0.10523996468809749,0.14727370374527293
WASP-073,6030,120,3.15,0.0139,317.46031746031747,1.4008566389518768,0.44126984126984126,2.1796676517144387,0.03442347613884864,0.5679519721032943,2.177020785026022,0.053496084997204325,2.2216710999306817,0.03757032513641761,2.18418102992535,0.03390234822259009,2.194290971627351,0.04680651008934727,2.194331278591473,2.1493103280621964,2.2401494140844918,0.6351730792633025,2.07,0.19,0.10966765171443882,0.12429097162735125
WASP-074,5984,57,6.69,0.0149,149.47683109118086,0.332915513192615,0.22272047832585948,1.4409979072391572,0.01167212783849137,-3.333430221206176,1.4874309655735864,0.029547899797145484,1.507726405929732,0.015957091266131512,1.4925810838717495,0.018126372987634615,1.4959128184583557,0.023655767490701193,1.4974711827397975,1.473476924711215,1.5182402883419697,-1.140426742517927,1.536,0.026,-0.09500209276084282,-0.04008718154164437
WASP-075,6100,100,3.339,0.0202,299.4908655286014,1.81183452640843,0.6049715483677748,1.232320982581503,0.01833551687962432,-1.3886866615155335,1.2764483865967582,0.027360832776404196,1.2969878712771399,0.020294572258357926,1.2722484741053561,0.020487585218859936,1.2818949106597517,0.025368275046946796,1.2817198298428778,1.2563884440008017,1.3073517502842424,0.3682177183066657,1.27,0.02,-0.03767901741849711,0.011894910659751678
WASP-076,6329,65,5.29,0.0826,189.0359168241966,2.9516761303740333,1.5614366729678641,1.7446411684948975,0.01818402187084468,-0.27777851030147205,1.7794104429239284,0.039179641502218476,1.8026312317737372,0.04428936069207302,1.8113878617799164,0.04014018950638991,1.7978098454925275,0.04341140622608388,1.7972554072208573,1.7544382054631522,1.8409760092072016,0.3942548501112509,1.765,0.071,-0.020358831505102426,0.032809845492527634
WASP-077,5605,41,9.463,0.0183,105.67473317129875,0.20435883092410098,0.1933847617034767,0.9491153157127739,0.006495183488152644,-0.360010505440558,1.029833241660997,0.012934499572809875,1.069007477031904,0.020605287112516055,1.0096969733795598,0.015086003912254667,1.0361792306908202,0.029657758674170778,1.031319823432396,1.0071947317669425,1.069966940425102,2.4425632735082967,0.955,0.015,-0.005884684287226105,0.08117923069082023
WASP-078,6100,150,1.385,0.0136,722.0216606498195,7.089887786886315,0.9819494584837544,2.0478821680213826,0.044000441672319764,-2.765325429350293,2.0321879540881804,0.06055242002281354,1.994244945523317,0.042876388439739656,1.9963878940691742,0.03904783674944557,2.0076069312268907,0.05143899810563158,2.003456629068786,1.9588515499853454,2.056029919519298,-3.0447306690801144,2.35,0.1,-0.3021178319786175,-0.3423930687731094
WASP-079,6600,100,4.071,0.0149,245.63989191844755,0.8990504518754282,0.36600343895848686,1.6136638764963522,0.019713145628543316,2.3246246677622597,1.579487616878747,0.02896444368334422,1.5899549847003287,0.02236304292170709,1.5901713548041785,0.022381669819547423,1.5865379854610846,0.025261621753273775,1.5868852679659722,1.5617785902486097,1.6111243714481687,1.6178284845063617,1.51,0.04,0.10366387649635223,0.07653798546108459
WASP-080,4145,100,20.114,0.0207,49.716615292830866,0.05116505600882962,0.10291339365615988,0.5808287330368971,0.012752829561532833,-0.6950645923202018,0.5935956883154134,0.022025317757601356,0.6020784047425861,0.022206992292372198,0.5995241671127342,0.01859507014625359,0.5983994200569113,0.021305950466308843,0.5971196091437639,0.5776873198259517,0.6190566843149324,0.22080913257396562,0.593,0.012,-0.01217126696310289,0.005399420056911297
WASP-081,5890,120,2.484,0.0152,402.5764895330113,2.4634310148557854,0.6119162640901772,1.1748243770499822,0.021078628069387418,-2.3925233287631453,1.1887962066554798,0.030911647552133936,1.227844277285818,0.022153161345573012,1.1967923866939683,0.021027522331338987,1.2044776235450887,0.030217665260333013,1.2047070104751958,1.1743857795939214,1.2349519262260509,-1.5663467835467773,1.283,0.04,-0.1081756229500177,-0.07852237645491122
WASP-082,6500,80,3.63,0.019,275.4820936639118,1.441917294659594,0.5234159779614325,1.9452131327773048,0.02011990384244727,-2.7637183233014957,2.014823993499698,0.034707827069227815,2.024672257678043,0.029511579469566705,2.0596869876846773,0.02787889194397236,2.033061079620806,0.036352664709228606,2.0333643972105135,1.9960218250979946,2.0700553665802794,-1.794981583449848,2.219,0.097,-0.2737868672226951,-0.1859389203791939
WASP-083,5480,110,3.72,0.0168,268.81720430107526,1.2140131807145333,0.4516129032258064,1.0308448683775826,0.018586234793314605,-0.3049558520370704,1.047563731432802,0.027746556685529257,1.052105704496238,0.019880780063656484,1.0392150882334255,0.017413522714980447,1.0462948413874884,0.02275779478837044,1.0455843928774093,1.0243636875516742,1.068382362106135,-0.05773883249951361,1.05,0.06,-0.019155131622417443,-0.0037051586125116387
WASP-084,5280,80,9.964,0.0149,100.36130068245684,0.1500786210526502,0.1495383380168607,0.8043530382459184,0.010511552565289437,1.6741840868610505,0.8036017905141288,0.018077892433472405,0.808693567541171,0.012504886738007023,0.8065735626670946,0.011202660558720155,0.8062896402407981,0.014395900589167473,0.8063750445348893,0.7926178335205724,0.8199676158310981,1.6062555394094906,0.768,0.019,0.0363530382459184,0.03828964024079806
WASP-085,5685,65,7.115,0.0305,140.54813773717498,0.6024902601523312,0.42867182009838367,0.7274915000806975,0.008045152081214361,-8.51615222749733,1.0656949952834478,0.021969800854509457,1.0923362086637378,0.02041647767616326,1.1447947646705918,0.016451590205092362,1.100941989539259,0.038339124745381814,1.096293254377541,1.0610754561150437,1.1458747335414956,3.711607208270895,0.935,0.023,-0.20750849991930254,0.16594198953925887
WASP-086-KELT-12,6279,51,2.72,0.0118,367.6470588235294,1.5949394463667819,0.43382352941176466,2.106329599539963,0.015352639942467404,0.7135968498838205,2.1222004652068964,0.0298914331391486,2.172616163559923,0.02452618854962683,2.1192341516588074,0.021517120814827838,2.1380169268085423,0.03539306870399123,2.1351408179400164,2.1026973656761494,2.176075580171512,0.943300568602262,2.02,0.12,0.08632959953996311,0.11801692680854226
WASP-087,6450,120,3.323,0.0194,300.9328919650918,1.7568757460495878,0.5838098104122781,1.5158638575167223,0.022842453926433647,-1.6819942594995636,1.5662855858395768,0.036054364821833496,1.5978107676657567,0.028043755444055844,1.5803809721892224,0.026077776089122085,1.581492441898185,0.03299001683317909,1.582241923039415,1.5492392372234896,1.613601972268731,-0.6479730984910897,1.627,0.062,-0.11113614248327774,-0.04550755810181495
WASP-088,6450,61,1.784,0.0185,560.5381165919282,5.812755132819883,1.0369955156950672,1.9829773434668445,0.019232785363156157,0.43591458393831345,2.0548123894601096,0.035681933649102646,2.0582739183762495,0.03353312533836444,2.051675514584956,0.029989178338702984,2.054920607473772,0.033259533228920925,2.054289421239938,2.022083049225912,2.0878579579532928,1.0031859594825423,1.93,0.12,0.05297734346684457,0.12492060747377187
WASP-089,4955,100,3.48,0.0242,287.35632183908046,1.9982824679614215,0.6954022988505747,0.9232989144802348,0.016703933011921423,1.261003141909386,0.905245113685779,0.027365053281876144,0.9049841970091879,0.01689108238681302,0.8910708625949046,0.015211426290688744,0.9004333910966239,0.02157917016954396,0.8991031845068626,0.8798604438755998,0.9206378025050319,0.5529286072012812,0.88,0.03,0.04329891448023482,0.0204333910966239
WASP-090,6440,130,2.087,0.0334,479.156684235745,7.668343676796301,1.6003833253473885,1.6784022296592682,0.031585188330259646,-3.1620164996648157,1.7728258589521269,0.04965955561417632,1.830743237041252,0.040679034433002616,1.815424201267005,0.0397887439341461,1.8063310990867945,0.05001638837178087,1.808599140926905,1.7566627187969062,1.8551330072057968,-1.6866910781931144,1.98,0.09,-0.30159777034073176,-0.17366890091320553
WASP-091,4920,80,6.615,0.0115,151.17157974300832,0.2628077350029623,0.17384731670445955,0.8783011004117485,0.012703303161164393,0.5617498946739802,0.8622569303149717,0.02180104749580788,0.8534389606136054,0.01319493918632164,0.8532240193521362,0.012432292624601205,0.8563066367602379,0.01690201422229905,0.8552403662689294,0.840560318995327,0.8717528199354654,-0.1072602058086005,0.86,0.03,0.018301100411748483,-0.003693363239762104
WASP-092,6280,120,1.704,0.0107,586.8544600938967,3.685060283453459,0.6279342723004694,1.2630531039872814,0.020479889206530915,-1.2672322341519218,1.234503142626864,0.027681955359687965,1.262641452140052,0.01984372457686819,1.2553390265415014,0.018464394834402816,1.2508278737694727,0.02534640052391706,1.2525574932485222,1.2262552217306486,1.2751232885459665,-1.4246001563615598,1.341,0.058,-0.07794689601271854,-0.09017212623052728
WASP-093,6700,100,2.688,0.0217,372.02380952380946,3.003317212301587,0.8072916666666666,1.5134555853107647,0.019763772021446736,-0.23633592795324812,1.5322342568883673,0.03053517180689674,1.5963980105668691,0.02413631380811183,1.5880492172689218,0.02164918037080952,1.5722271615747192,0.0383735762971091,1.5786737071741825,1.5303907677373505,1.608597178811735,0.8700486553658235,1.524,0.04,-0.010544414689235282,0.04822716157471918
WASP-094,6170,80,4.75,0.0242,210.5263157894737,1.0725761772853186,0.5094736842105263,1.5381219773535766,0.016799691092099805,-1.552282855702843,1.5349575543053688,0.0294185341415718,1.5585361329110128,0.02160796934471919,1.5320548394556224,0.02182008628944356,1.541849508890668,0.027265620347509716,1.5421400244038521,1.5147484580156125,1.5691486468754257,-1.3722413899282024,1.62,0.05,-0.08187802264642352,-0.07815049110933203
WASP-095,5830,140,7.238,0.0157,138.15971262779772,0.29968326723631167,0.2169107488256424,1.1870348720041826,0.022402048562132196,0.6865270554009428,1.190302830874475,0.03566017712783599,1.2113224147223123,0.023548124163882894,1.1986049699050647,0.021500497374268228,1.2000767385006175,0.028939300172751734,1.2005422840034978,1.172883807244063,1.2277592306610121,0.8237209270987812,1.13,0.08,0.05703487200418267,0.07007673850061757
WASP-096,5500,150,2.859,0.0154,349.7726477789437,1.8840499390681125,0.5386498775795733,1.152857027671218,0.026400383023687354,1.8191310854391283,1.1013372345201788,0.03822888709741524,1.1023668145836572,0.024462646623285355,1.0639826292920853,0.021541494580630503,1.0892288927986404,0.03406053066671344,1.087275338759386,1.0553501855229692,1.123110757799716,0.6484229884483595,1.05,0.05,0.10285702767121796,0.03922889279864039
WASP-097,5670,110,6.633,0.0123,150.76134479119554,0.2795664919239718,0.1854364540931705,1.0918616444216322,0.016991022223578924,0.7331406328746789,1.0756443848909811,0.026682356923027,1.0980447860116767,0.018317887411923313,1.0708915224646067,0.01900547731448246,1.0815268977890882,0.024692625337798865,1.081584529827362,1.0567455556691479,1.1063646403543494,0.4579438815060838,1.06,0.04,0.031861644421632196,0.021526897789088117
WASP-098,5473,121,3.572,0.0119,279.9552071668533,0.9326615244360454,0.3331466965285555,0.7702068238538026,0.014450758859619375,1.1457406284758063,0.738980135008443,0.021106946350930484,0.7514475700399704,0.013443646402791413,0.7250330279754328,0.012333212248890035,0.7384869110079487,0.01938669310330629,0.7379757334135081,0.7187670045854008,0.7583492201998963,-0.08793025666929186,0.741,0.021,0.029206823853802577,-0.002513088992051271
WASP-099,6150,100,6.244,0.0112,160.1537475976938,0.28727129613936103,0.17937219730941703,1.6265007224373675,0.021098507512800374,-1.1919033429998889,1.6364004797768175,0.033299864167225156,1.708161886216374,0.0313273651191212,1.6777586047321718,0.02451276668098188,1.6741069902417876,0.04197586103993543,1.6755743630797715,1.6314986327130827,1.715279413587815,-0.7295335986879297,1.76,0.11,-0.13349927756263247,-0.08589300975821246
WASP-100,6940,120,2.808,0.0129,356.1253561253562,1.6360459736528117,0.45940170940170943,1.6040818748712646,0.02278191354439835,-0.3633134088489146,1.6365549253974367,0.03411856518294727,1.7089794361593877,0.024860578482981226,1.6949458118400877,0.025367339084527332,1.680160057798971,0.04233259599282541,1.6870926419221144,1.6334600115429951,1.7207897499586422,0.05494568815747124,1.67,0.18,-0.0659181251287353,0.010160057798971112
WASP-101,6380,120,5.007,0.0128,199.72039145196723,0.5105694049501059,0.2556421010585181,1.2914835093358712,0.021104217729025862,0.03280215913887878,1.3006392976345436,0.02929830475170995,1.3155310396958333,0.020597872690274487,1.3012444832235062,0.02058164683985378,1.3058049401846277,0.024820937605539627,1.30588392793222,1.2816731153235925,1.3302276899636971,0.3357378020377314,1.29,0.04,0.0014835093358711582,0.015804940184627636
WASP-102,5940,140,1.956,0.015,511.24744376278124,3.9206092313096725,0.7668711656441718,1.3741291408523528,0.027521682508912952,1.4169726017576028,1.3306815436695905,0.03827492372035025,1.342760814253476,0.026364527651650167,1.3628678464686632,0.02367434000728485,1.3454367347972431,0.03290941404649449,1.347127270648925,1.3134864106968567,1.377104062756467,0.40800143633597774,1.331,0.013,0.043129140852352865,0.014436734797243167
WASP-103,6110,160,1.833,0.1073,545.5537370430987,31.935578824181395,5.85379159847245,1.6719905881147368,0.05229861509563361,3.648426051488616,1.660522848650997,0.11011828555600015,1.6708232051589227,0.10578805638224131,1.6802814848937873,0.10332694237082247,1.6705425129012357,0.10674996789511612,1.6651417046819246,1.566041392369165,1.7762305464986372,2.2003698652253014,1.413,0.048,0.25899058811473674,0.25754251290123564
WASP-104,5348,32,5.364,0.0186,186.42803877703207,0.6464506937458606,0.3467561521252796,0.9198762180040261,0.00546610514377035,-1.3270647142022096,0.9143368766264263,0.01262795429517072,0.9308704442305854,0.012144223691103122,0.923763214837856,0.009177944750359093,0.9229901785649558,0.013275747077531796,0.9231664445042507,0.9101300943385849,0.9359173252525419,-0.7225850555065142,0.935,0.01,-0.015123781995973973,-0.012009821435044254
WASP-105,5070,130,4.603,0.0893,217.24961981316534,4.214727579690565,1.9400391049315664,1.100153539842865,0.025802468349003356,5.058242610377012,1.0956327547378741,0.043640836859351495,1.095009520185499,0.03165703123174147,1.0867270207258457,0.028752472106122206,1.092456431883073,0.035508595700743696,1.0910732258456854,1.0582729548573877,1.126230684472337,4.140178612983734,0.9,0.03,0.200153539842865,0.19245643188307293
WASP-106,6265,36,2.783,0.0181,359.3244699964068,2.3369647527613955,0.6503772906934963,1.3993551518554839,0.008926758759294943,-0.6595808154186812,1.4115773836525958,0.019953607046362995,1.437781770973592,0.01900001484187998,1.4356702410096267,0.02081205482687159,1.4283431318786048,0.02320982561164096,1.4287450698590716,1.4050538815961082,1.4514432002447146,0.21996044501194278,1.42,0.03,-0.02064484814451606,0.008343131878604915
WASP-107,4425,70,15.528,0.026,64.39979392065945,0.10783066988260856,0.16743946419371458,0.6282330588608592,0.009286458114702734,-1.8941226008918235,0.6467344341717453,0.01658022290020342,0.6402289572454445,0.011379372547355151,0.6380073032157488,0.009866190425740402,0.6416568982109795,0.013451684853481177,0.6406287498343513,0.6290557295181458,0.6543292756542443,-1.1759228007586124,0.67,0.02,-0.04176694113914081,-0.028343101789020553
WASP-108,6000,140,3.903,0.0211,256.2131693569049,1.385113470005302,0.5406097873430694,1.2221921299834677,0.023764659145982664,0.15457980261852086,1.2438099046457496,0.03435460523411249,1.2345513197630313,0.023488746376807736,1.2425574041355987,0.02061276433224975,1.2403062095147932,0.027124199287792104,1.2393336036238352,1.214573836065841,1.26594285050316,0.5236203374865953,1.215,0.04,0.007192129983467632,0.02530620951479312
WASP-109,6520,140,2.801,0.0228,357.0153516601214,2.906087118118803,0.8139950017850768,1.3227564466888222,0.02450122652611766,-0.4615314974353264,1.3627568454101175,0.03446944698760207,1.3581019565591919,0.025321677337827427,1.3485885171627052,0.023682539945273376,1.3564824397106716,0.028834828231607892,1.3552311984634349,1.3286862678296631,1.3843247618043604,0.1992611773418986,1.346,0.044,-0.02324355331117789,0.010482439710671532
WASP-110,5400,140,3.608,0.015,277.16186252771615,1.1522804705974896,0.41574279379157425,0.897293754126708,0.019845569637809403,0.4049657601533692,0.8715122362716796,0.029605682748328623,0.880145266660316,0.019380977876755762,0.8706300543883297,0.0163662715414113,0.8740958524401083,0.02291401570743722,0.8736266358298443,0.8527960827788738,0.8955631785813813,-0.1650382362922913,0.881,0.035,0.01629375412670797,-0.00690414755989166
WASP-111,6400,150,3.468,0.0172,288.3506343713956,1.430112719489044,0.49596309111880044,1.8795034874234655,0.034680319197690636,0.2787478495152187,1.859321280408725,0.05054974447480445,1.866220258684919,0.04027327762619642,1.8796513938029447,0.03458418959065478,1.8683976442988628,0.04315358961354458,1.868712875784497,1.8261815271949438,1.9104554828485356,0.16891919600521482,1.85,0.1,0.029503487423465424,0.018397644298862703
WASP-112,5610,130,1.862,0.0158,537.0569280343716,4.557196274405516,0.8485499462943072,1.1633356747829313,0.02323122813646917,3.692858909970515,1.104583837197685,0.03269494179130111,1.0953242437073232,0.022836479323999376,1.0732168676376055,0.020355406681268437,1.0910416495142046,0.029006577153758085,1.0889815211562106,1.0628091497703889,1.119071127072157,1.8939110436313775,1.002,0.037,0.16133567478293132,0.08904164951420457
WASP-113,5890,140,2.275,0.0109,439.56043956043953,2.106025842289579,0.4791208791208792,1.7077199444820934,0.03499111159967751,0.7977754377202682,1.713569866818178,0.04858575833649241,1.7496058439664983,0.03518977494440966,1.6979668864028266,0.02942516757866131,1.7203808657291677,0.04422428177003325,1.718483949676282,1.6766571440856937,1.7651678470796341,0.8787324188252401,1.608,0.12,0.09971994448209331,0.11238086572916761
WASP-114,5940,140,1.962,0.0149,509.68399592252797,3.8706888579233767,0.7594291539245668,1.3305858996196458,0.027687959284996594,-1.5044409058729555,1.3699561353553324,0.039482850417480495,1.3681360051448777,0.02948833390398853,1.377479405543346,0.027780428474745936,1.3718571820145187,0.03290931141886856,1.3713229228272148,1.340115510362213,1.4033530601539226,-0.8496360703912805,1.43,0.06,-0.09941410038035414,-0.058142817985481265
WASP-117,6040,90,6.341,0.0129,157.70383220312252,0.3208294331210031,0.20343794354202807,1.2122140558603114,0.01427154734765142,0.6162355465949417,1.1958226316063065,0.022513277050549976,1.2159630795553305,0.01768294844231181,1.2187031815383444,0.0159032655552279,1.2101629642333274,0.02148339562328487,1.2116071718652157,1.1890396713381333,1.2309253042213228,0.5708205955933118,1.17,0.067,0.04221405586031146,0.040162964233327436
WASP-118,6410,125,2.585,0.0236,386.84719535783364,3.5317577603268373,0.9129593810444874,1.7521909885591398,0.02958614667097342,-0.05378296341027402,1.774690468992907,0.0439511114770326,1.8243828890320488,0.033229100449968206,1.8126260094451914,0.03076123674766227,1.8038997891567157,0.042153667965971385,1.8068616438436145,1.7627696634981906,1.8445455407525704,1.1067188680612474,1.754,0.016,-0.0018090114408602087,0.04989978915671567
WASP-119,5650,100,3.307,0.0106,302.3888720895071,0.9692537176137815,0.32053220441487756,1.058448700333575,0.01643908637921787,-1.396765468573742,1.0800890867900415,0.025050132631091748,1.086059057573766,0.01809385694354497,1.072948273190665,0.015493952692773916,1.079698805851491,0.020664441216228846,1.0789334846576117,1.059824523876932,1.0998235542339798,-1.178120880030248,1.2,0.1,-0.141551299666425,-0.12030119414850904
WASP-120,6450,120,2.614,0.015,382.55547054322875,2.1952303206382675,0.5738332058148432,1.7181528099626793,0.02609528012654229,-1.343151371466623,1.70631888452192,0.0378900105403657,1.6937324447520572,0.03328444309471887,1.721048577934007,0.026932638710451266,1.7070333024026612,0.03484498894661604,1.7073399947614956,1.6719207929544195,1.741327184886354,-1.4123481420288264,1.87,0.11,-0.15184719003732083,-0.16296669759733895
WASP-121,6586,59,3.8,0.0104,263.1578947368421,0.7202216066481995,0.2736842105263158,1.4436905094272363,0.011133373983242129,0.1153311217908152,1.455067102586292,0.019383989296741486,1.470555057073391,0.01913524581330303,1.4693729629702463,0.017091280321987996,1.4649983742099764,0.019854373678761614,1.4652979321059243,1.4453678562530712,1.484690276252171,0.6948830406840245,1.44,0.03,0.003690509427236366,0.024998374209976415
WASP-122,5720,130,4.055,0.0099,246.60912453760793,0.6020789970215337,0.24414303329223186,1.4482090148867002,0.027041804981263046,-1.7774951463622615,1.4458241872569089,0.040491928338228275,1.4749396980495912,0.028033091352729782,1.4533470778770061,0.02454984976022062,1.4580369877278354,0.03408229406538577,1.4583382499249775,1.4254909485573874,1.4910775587899097,-1.3646774899085103,1.52,0.03,-0.07179098511329984,-0.06196301227216461
WASP-123,5740,130,5.009,0.0203,199.64064683569572,0.8090846737401922,0.4052705130764623,1.1696477072469327,0.02231006423266436,-2.0722098528981165,1.1751715377158456,0.03238103539440308,1.2076773661574818,0.02357696894920387,1.2097558011471246,0.020021681113470708,1.197534901673484,0.030317783777010325,1.2004565125652458,1.1678906774824875,1.2263198485516655,-1.474188749713792,1.285,0.051,-0.11535229275306724,-0.08746509832651594
WASP-124,6050,100,2.104,0.0145,475.2851711026616,3.275491911116252,0.6891634980988594,1.172028150991922,0.01708812430503274,5.779226471151017,1.1322612895758302,0.02430929020567875,1.1261565617954714,0.018794634664943206,1.1433466910769345,0.0177870315587968,1.1339215141494121,0.0216976510859576,1.1340900545192891,1.1123425014897677,1.1552750124545668,3.8605529654946094,1.02,0.02,0.1520281509919219,0.1139215141494121
WASP-126,5800,100,4.593,0.01,217.72262138036143,0.47403139860736215,0.21772262138036141,1.1532664862325177,0.0167811606932969,-1.1512378269656058,1.174995327319697,0.025441875842247993,1.191632447272904,0.0187504866895806,1.1767378062305016,0.01669720065913096,1.1811218602743674,0.02194548910441707,1.1810807572901183,1.160100420479019,1.2026603448135351,-0.8681226188541603,1.27,0.1,-0.11673351376748231,-0.08887813972563263
WASP-127,5750,100,6.224,0.0175,160.66838046272494,0.4517507484090113,0.28116966580976865,1.35850630281066,0.019188824715427034,0.7700207635527944,1.3186137418639141,0.031480695744385195,1.354024801124674,0.038224434972891526,1.362363264265018,0.01826233401916735,1.3450006024178687,0.03589182512704242,1.3485633633400878,1.3071943393898793,1.3782921409562912,0.2671936176823826,1.333,0.027,0.02550630281066013,0.012000602417868711
WASP-128,5950,50,2.405,0.0125,415.8004158004158,2.1611248222474835,0.5197505197505198,1.1945298075199202,0.009734080944450342,1.8374324510619298,1.1924488191659508,0.0180540497123634,1.2008713206667112,0.015160919823642132,1.1945827782083158,0.01428059914265119,1.1959676393469927,0.016309857617282035,1.1960272912260488,1.1800381413878573,1.212184384742439,1.6535598679309023,1.152,0.021,0.042529807519920304,0.04396763934699277
WASP-129,5900,100,3.174,0.0159,315.05986137366097,1.5782771883557687,0.500945179584121,1.1396897169092282,0.01701405169670958,9.128285399455176,1.174548019392953,0.025899115461388806,1.1721900045545974,0.018786743860497338,1.158388558815232,0.017553967118130176,1.1683755275875942,0.02224225265897732,1.1673193328268927,1.1466079669515934,1.1901265816023414,8.972219124779839,0.9,0.02,0.23968971690922813,0.2683755275875942
WASP-130,5600,100,5.729,0.0187,174.55053237912375,0.5697495122167243,0.3264094955489614,1.0218937849876701,0.01560504866839383,1.8303141023272216,1.0077179592800796,0.023821561550438613,1.0294749117816788,0.018376084057559493,1.0235017902525498,0.01667027755504929,1.0202315537714362,0.021876159983662796,1.0212660831603197,0.9990624447418793,1.0414318330447045,1.622221772352527,0.96,0.03,0.061893784987670175,0.060231553771436186
WASP-131,5950,100,5.177,0.0365,193.16206297083255,1.3618727638468977,0.7050415298435387,1.6491724647051162,0.02252142866818432,1.7905292063122875,1.6720980097183502,0.038727630235167954,1.6566784961646066,0.03745067313675079,1.6581820398469047,0.02416602996473,1.6623195152432875,0.03478845788063414,1.6612537715513944,1.6290709997504205,1.695491135274742,1.8490506086730425,1.526,0.065,0.12317246470511622,0.13631951524328745
WASP-132b,4714,88,8.092,0.019,123.57884330202668,0.2901628797254705,0.2347998022738507,0.7662841743242739,0.012888263592555392,0.4309711809265912,0.754004250152148,0.021801934916836022,0.7508857195922641,0.013083541352180528,0.7284967251838157,0.011621672889768711,0.7444622316427426,0.01973774905736167,0.7432450937318305,0.7246438415198836,0.7640463983913129,-0.2492230755986384,0.753,0.028,0.013284174324273867,-0.008537768357257391
WASP-132c,4714,88,8.092,0.019,123.57884330202668,0.2901628797254705,0.2347998022738507,0.7662328827438097,0.012870829203311613,0.42940865414581186,0.7541127495283428,0.02233463741104803,0.7507832113121985,0.013275716254817665,0.7285811736595712,0.011922952464346206,0.7444923781667043,0.020020725766864776,0.7431947509841919,0.7244130498669298,0.7639561378351917,-0.24716117719487657,0.753,0.028,0.013232882743809737,-0.008507621833295675
WASP-133,5700,100,1.807,0.0158,553.4034311012729,4.838834649363648,0.8743774211400112,1.4489192797227657,0.022838156425210074,0.16226043498138723,1.457125620490552,0.03534599371541611,1.4812337851828636,0.028059427098701968,1.4560015095332686,0.02479107246522506,1.464786971735561,0.03192430164047115,1.464396663869222,1.4332332055847938,1.4963934109944963,0.41783412010725035,1.44,0.05,0.008919279722765738,0.024786971735561103
WASP-134,5700,100,5.162,0.0155,193.72336303758235,0.5816954914921593,0.30027121270825263,1.132580513658394,0.01691266976005221,-0.8335128583942248,1.139324705360536,0.026167159842190858,1.1538718436213866,0.01878194923189538,1.151608203178614,0.01755383073741679,1.1482682507201787,0.022121450812242028,1.1490876568931814,1.1267085404814563,1.1693901754052476,-0.5057827741441286,1.175,0.048,-0.04241948634160608,-0.02673174927982136
WASP-135,5680,60,3.33,0.0134,300.3003003003003,1.2084156228300373,0.40240240240240244,0.7328233729164043,0.007143359723882217,-4.497861409331486,0.7892872006935471,0.012250950865351197,0.8487213235577136,0.01389349394772719,0.8475548523882093,0.010125543114132851,0.8285211255464899,0.03030577772712687,0.8401123985234956,0.788603471946162,0.8563985321534456,-2.248754194212862,0.96,0.05,-0.22717662708359565,-0.13147887445351003
WASP-136,6250,100,3.723,0.0252,268.60059092130007,1.8180861915704436,0.6768734891216761,2.1043338444594006,0.027578579856807128,-0.47657078584467033,2.0885710154647708,0.04729034030797914,2.09788877017393,0.03493189912895347,2.017352052307428,0.03157224922966657,2.0679372793153763,0.052709775621367416,2.069155030531083,2.011690431865014,2.122362973625119,-0.6279674210055781,2.21,0.22,-0.10566615554059933,-0.14206272068462367
WASP-137,6100,140,3.469,0.0189,288.2675122513693,1.5705551979103143,0.544825598155088,1.6029399636914468,0.030118766622001622,0.7272319182318767,1.615397667026574,0.04411604139902031,1.6298377248807254,0.030234013209513404,1.6164350922550152,0.026619294744632836,1.6205568280541047,0.035111321062783855,1.6200607852395834,1.587436664052444,1.6541786895795692,0.8708649347217384,1.52,0.11,0.08293996369144674,0.10055682805410471
WASP-138,6300,100,2.442,0.0158,409.5004095004095,2.6495112490198482,0.647010647010647,1.3807430067346294,0.01975383593467786,0.3858395172937246,1.3979682832026985,0.028560457106405143,1.4203652628858872,0.02295970841892797,1.4045407017528968,0.01945446318571372,1.4076247492804939,0.025731287759960704,1.4075784047546511,1.3827598192901231,1.4327803084577628,0.8469250126295989,1.36,0.05,0.020743006734629255,0.04762474928049376
WASP-139,5300,100,4.698,0.0098,212.85653469561512,0.4440174627537309,0.20859940400170282,0.8301441924903905,0.013301427190873977,0.7151032358010624,0.7970236806223038,0.020736873510495194,0.8118938489797649,0.013932772478892207,0.8097397380655204,0.01211606251148791,0.8062190892225296,0.01732094451073454,0.8072634131058886,0.7897947257014301,0.822476067557166,0.14267512415079148,0.8,0.04,0.030144192490390465,0.006219089222529561
WASP-140,5300,100,8.563,0.0189,116.78150181011326,0.25775667221898174,0.2207170384211141,0.8236580695536951,0.013274688489699113,-1.0995780620613973,0.8243549705811442,0.02173443980447034,0.8235622250764322,0.0141632476615567,0.8116786354579328,0.014510644016590909,0.8198652770385031,0.018113830607621565,0.8192460395406833,0.802373858778771,0.8370286468574292,-1.1417542033089414,0.87,0.04,-0.04634193044630486,-0.0501347229614969
WASP-141,6050,120,1.956,0.0119,511.24744376278124,3.1103499901723404,0.6083844580777097,1.2779322517472174,0.022634535553260435,-1.2514563325347392,1.2947093809309667,0.032585532736108265,1.3013812463630245,0.022917908353726542,1.2914809527763726,0.022454864535893432,1.2958571933567877,0.026721494481130537,1.2954671597523941,1.2700703801186304,1.321539517667637,-0.9895354052250704,1.37,0.07,-0.09206774825278274,-0.07414280664321238
WASP-142,6060,150,1.413,0.0145,707.7140835102618,7.262458747982165,1.0261854210898798,1.6592876812676531,0.035307382912319864,0.22056952800108506,1.6130185975564213,0.05073821001102678,1.6251733668848625,0.039011533637572045,1.5949181813559374,0.034732802890666235,1.6110367152657405,0.043840145805885626,1.6092595660556008,1.5686447513257402,1.6540028471696162,-0.31749365020881626,1.64,0.08,0.019287681267653234,-0.028963284734259354
WASP-143,5900,140,2.5,0.0181,400.0,2.8960000000000004,0.724,1.0099636044536173,0.02045516125779954,-0.0799490740386054,0.967520596348308,0.027722207350550424,0.9910710779163397,0.020461710146727492,0.9684618832585805,0.018576009864208744,0.9756845191744093,0.025084806145634905,0.9752925452375347,0.9512759966616889,1.0004735168857617,-0.9177409378987244,1.013,0.032,-0.0030363955463825754,-0.03731548082559055
WASP-144,4950,150,2.994,0.0837,334.001336005344,9.337311898345789,2.795591182364729,1.1293918768811078,0.032157285172810884,6.223124364381151,1.0844320819271678,0.054682099842367146,1.0967221113167303,0.04007923676063159,1.0897505530241245,0.03783286521981023,1.0903015820893407,0.04510499410532395,1.08950176229159,1.0470011210833208,1.133631423057133,4.649492728291241,0.81,0.04,0.3193918768811077,0.28030158208934064
WASP-145,4900,150,10.974,0.0282,91.1244760342628,0.23416349773703393,0.25697102241662106,0.6529985266621519,0.016539727722691983,-0.3753985650467224,0.6415866356512372,0.028061884735434053,0.6629998855617807,0.018334398668526177,0.6559449440426186,0.014988674383171856,0.6535104884185455,0.02299529993093539,0.654646477087423,0.6321865774792925,0.6748675085489597,-0.35951968689439595,0.68,0.07,-0.027001473337848192,-0.026489511581454517
WASP-146,6100,140,2.039,0.019,490.43648847474253,4.570031035321288,0.9318293281020107,1.218339156794875,0.024776047115547803,-0.1794088758634662,1.228143876694173,0.035048755930979995,1.2874638298403625,0.02536106433285027,1.2715705847980254,0.02475134271710528,1.2623927637775203,0.03816587525518401,1.2667219949674262,1.222975064145151,1.2987651423606978,0.37296271801503994,1.232,0.072,-0.013660843205125062,0.030392763777520315
WASP-147,5700,100,2.153,0.0188,464.4681839294008,4.055737044994303,0.8732001857872737,1.4741167040658734,0.023745427340200062,1.2476588558220163,1.466317525882431,0.03559067151740296,1.4489425554104487,0.026923665214283986,1.4222911019258302,0.02505552672073668,1.4458503944062366,0.03465411189859806,1.443580056840859,1.41190107261075,1.4798302297276194,0.8700117549006909,1.37,0.08,0.10411670406587326,0.07585039440623653
WASP-148,5437,21,4.015,0.0098,249.06600249066005,0.6079319612474392,0.24408468244084683,0.9303701546447674,0.0037958332044658724,0.6306308089035876,0.9207333617038052,0.01135974467389347,0.9290073282826048,0.00839680179306603,0.9182213016495738,0.007773373414092356,0.9226539972119946,0.010386893203357887,0.9225277218981789,0.9123768711801006,0.9331243813061573,0.1391287437039436,0.92,0.016,0.010370154644767315,0.002653997211994552
WASP-150,6250,80,1.831,0.0119,546.1496450027307,3.5495252733656453,0.6499180775532497,1.644550150690245,0.01971550171146355,-0.1796691379647881,1.6430494413671906,0.0317710537513394,1.69445878363912,0.02899465362711253,1.6677614481453398,0.022745270353896188,1.6684232243838837,0.035068696937288604,1.6687997676329454,1.6342827750735633,1.7029531168566832,0.3775354534504598,1.651,0.03,-0.006449849309755118,0.017423224383883662
WASP-151,5871,57,2.17,0.0177,460.8294930875576,3.758839644078235,0.815668202764977,1.1706051344404718,0.011105341615527453,-0.4543930046779158,1.1853674780076981,0.020114135577722323,1.1970581355679442,0.01808124598343815,1.1903560462849503,0.016603813860686174,1.1909272199535306,0.01893811661508682,1.1906953810893715,1.1724350488806636,1.2095865250632734,0.36041782893449104,1.181,0.02,-0.010394865559528288,0.00992721995353052
WASP-153,5914,64,1.682,0.0092,594.5303210463734,3.2518899843202353,0.5469678953626634,1.5671695884259542,0.01562882154314288,-1.6087746825240514,1.6058229434880849,0.027589405830112528,1.6259274994902095,0.02237544354315936,1.6241758509781756,0.018662579413708667,1.61864209798549,0.024886802392765184,1.6197866785845063,1.5945670539316257,1.64252739637935,-1.0806175408463543,1.73,0.1,-0.16283041157404576,-0.1113579020145099
WASP-156,4910,61,8.207,0.0213,121.84720360667721,0.3162355838701382,0.25953454368222245,0.8290955390021766,0.009250339969478417,2.2009315601989745,0.8249398582620275,0.016413689370723104,0.8148612148918403,0.011374869613753466,0.8171196302944902,0.010815959005290442,0.8189735678161194,0.013804521693811316,0.818070649863704,0.8056645086999434,0.8322448874588225,1.7857952398216077,0.76,0.03,0.06909553900217658,0.0589735678161194
WASP-157,5840,140,2.943,0.0276,339.7893306150186,3.1866073819145475,0.9378185524974515,1.0468025218034864,0.02242456798351045,-1.5651385037808323,1.0679111894149442,0.03288296842779562,1.0945148160698954,0.023389180723405976,1.0661369795222353,0.021103125300829723,1.076187661669025,0.029319871958454202,1.0754629559895386,1.0477565687694192,1.1052850773634604,-0.9827462369766871,1.134,0.051,-0.08719747819651347,-0.05781233833097499
WASP-158,6350,150,1.851,0.0253,540.2485143165857,7.384271967698334,1.3668287412209617,1.4764767503019705,0.03138858741855723,0.47328428833799996,1.510943003102066,0.04585345302000552,1.5346801363203824,0.03489286611074271,1.535481202937729,0.03407629934485855,1.527034780786726,0.040289363577748705,1.5278925270794665,1.4879917392305242,1.5663018777942437,0.7429216607429734,1.39,0.18,0.08647675030197055,0.13703478078672604
WASP-159,6000,150,1.372,0.0098,728.8629737609328,5.206164098292377,0.7142857142857142,2.016167672309066,0.04397620739111167,-0.8589367186145882,2.0361161373300423,0.06103206319010879,2.08708665784345,0.04280262121935323,2.009838506059541,0.036073075364721194,2.044347100411011,0.05757068440220436,2.041407810907989,1.9863139357682116,2.104172765770207,-0.5689752526824857,2.11,0.1,-0.09383232769093386,-0.06565289958898868
WASP-160,5218,18,3.448,0.012,290.0232018561485,1.009361491378707,0.3480278422273782,0.8411311040585793,0.003401622762431242,-2.2971907040933024,0.8368868728846369,0.012462947651423426,0.8497282675816649,0.010057993594024836,0.8519519354639605,0.009028235618937808,0.8461890253100874,0.012519939055883372,0.8471971951008317,0.8338136823578541,0.8582718955384774,-1.430088595768503,0.872,0.013,-0.030868895941420726,-0.025810974689912558
WASP-161,6406,100,2.808,0.0158,356.1253561253562,2.003839254551506,0.5626780626780628,1.6080373403018213,0.0214333176633945,-1.2127781625368939,1.632336448358008,0.03227336399944928,1.6349259145674433,0.026615573748460988,1.6321192308228718,0.02510210212160677,1.6331271979161077,0.02819451761419254,1.6329856365396669,1.6053343497303298,1.6605480652562028,-0.8997783660483446,1.712,0.083,-0.10396265969817864,-0.07887280208389225
WASP-162,5300,100,3.25,0.0171,307.6923076923077,1.6189349112426035,0.5261538461538462,1.271062467168601,0.020591294116058072,2.9785545600179497,1.19992375279727,0.03175499607593659,1.183821079196994,0.021158003752024836,1.1735070250302706,0.018403916516648574,1.1857506190081781,0.02676529870376196,1.1829238677766036,1.1603875206454815,1.210929760730732,1.3356800140550418,1.11,0.05,0.16106246716860095,0.07575061900817803
WASP-163,5500,200,3.818,0.0159,261.9172341540073,1.090750136995473,0.4164484023048717,0.9849964341797995,0.03049997873566627,-0.38827577230312516,1.0971396773454545,0.049291737809907706,1.1144805862579301,0.030940054887507066,1.1407652749531372,0.027101510085952137,1.117461846185507,0.041174992020722195,1.120130887539369,1.0772250867792823,1.156721971398556,1.2483859981459404,1.015,0.071,-0.030003565820200362,0.10246184618550713
WASP-164,5800,200,3.066,0.0122,326.1578604044358,1.297823188823913,0.39791258969341164,0.9742101899213144,0.027499762958720197,1.037184624092552,0.9273841191888796,0.037593813860495345,0.9456372492464583,0.024412718615943314,0.9437363279177516,0.021264544648327773,0.9389192321176966,0.02979202430790034,0.939820137280228,0.9112357844321657,0.9666435497285255,0.1636541465409545,0.932,0.03,0.04221018992131431,0.006919232117696517
WASP-165,5600,150,1.685,0.0212,593.4718100890208,7.466826334651181,1.258160237388724,1.7754285165470867,0.04126250070825972,1.2668517009248044,1.6824476484007835,0.05999708300777881,1.6949755429357454,0.04228658392897094,1.6947273066983202,0.03899913152435944,1.6907168326782829,0.04834211468026737,1.690511618181377,1.6448915217752935,1.736648305308836,0.39855382061779004,1.65,0.09,0.12542851654708675,0.040716832678282966
WASP-166,6050,50,8.752,0.0141,114.25959780621571,0.18407910524081825,0.16110603290676415,1.2421817634593912,0.008497028457123156,0.36604370005151554,1.23623498484268,0.016247351063512334,1.2267581952716116,0.020001510676213127,1.239461069757033,0.01452086101935781,1.2341514166237748,0.01790744932502196,1.2348026993466354,1.216611230499099,1.2514950599899048,0.22600570330699818,1.22,0.06,0.022181763459391268,0.014151416623774837
WASP-167,6900,150,2.424,0.0303,412.54125412541254,5.156765676567657,1.2500000000000002,1.9121206893245961,0.03378802832541907,2.0236774243084135,1.907844650226446,0.05053703183497282,1.8879822354377516,0.04094868397017262,1.8904536208546434,0.03723526085601665,1.8954268355062804,0.04416348917922912,1.8934079584855028,1.8524867000121976,1.9381074285682545,1.5803416105271917,1.79,0.05,0.12212068932459608,0.1054268355062804
WASP-168,6000,100,3.337,0.0094,299.6703626011387,0.8441418664820809,0.28169014084507044,1.0792341882021337,0.015693303717516267,-0.6573182028007449,1.0755670676846312,0.022604759215989912,1.0932325579576117,0.017440493823466918,1.0792619322863461,0.016658307984979352,1.0826871859761962,0.02054435404211445,1.0827162577205813,1.0627268474908773,1.1028410458408437,-0.5883464875400818,1.12,0.06,-0.040765811797866425,-0.03731281402380393
WASP-169,6110,101,1.608,0.0146,621.8905472636816,5.646518650528452,0.907960199004975,2.150171901780971,0.03273600538646537,0.729302248149762,2.163052901456462,0.04936390456997939,2.184979378600588,0.036935592856083464,2.1759201589506496,0.037441307061217455,2.174650813002567,0.04260417761321363,2.175264357694614,2.1329705705655573,2.2166257531402502,0.8489565835897106,2.011,0.188,0.13917190178097094,0.16365081300256668
WASP-170,5600,150,3.298,0.0117,303.21406913280777,1.0756836291248788,0.35476046088538504,0.9286573745778215,0.02114693901539394,-0.14470882772178184,0.9920833841363339,0.03341698787482608,0.9861324431585295,0.021191396835719134,0.9948061795411173,0.01910109600479521,0.9910073356119935,0.02562452288017344,0.9904165628906048,0.9668421585944312,1.0147651294190283,0.8011560840037014,0.938,0.061,-0.009342625422178452,0.053007335611993556
WASP-171,5965,100,1.376,0.0109,726.7441860465117,5.756912520281235,0.7921511627906977,1.9865341118406288,0.028756981424131474,3.6625107976558198,1.9482570502564958,0.043170044566814045,1.9599965486009057,0.034292551010119514,1.93590629392529,0.030247700244401717,1.9480532975942304,0.03761441948501783,1.9467446738608172,1.9112453322877996,1.9852470502019564,3.1589444416220256,1.637,0.091,0.34953411184062877,0.3110532975942304
WASP-172,6900,150,1.894,0.0222,527.9831045406547,6.188608722704613,1.1721224920802535,2.011261036247231,0.036474577282279326,0.9513051463976773,2.0499347861264394,0.05281399531506744,2.0663553694555814,0.03999478505442093,2.0428878162513198,0.037738937203470345,2.053059323944447,0.04510268860396602,2.052444126852164,2.009165129989881,2.097216138747623,1.3040871280999142,1.91,0.1,0.10126103624723126,0.1430593239444471
WASP-173,5700,150,4.244,0.0204,235.62676720075405,1.132607457798158,0.4806786050895382,1.0858255180318594,0.025007079458833334,-0.4324217867410257,1.0736657041364701,0.04046515369615229,1.0735060865666386,0.03776023819938086,1.0678823110075337,0.029628079120038144,1.0716847005702141,0.03634338678392593,1.0703777559416379,1.0360264381440802,1.1074314658783915,-0.6198586953062066,1.11,0.05,-0.02417448196814065,-0.038315299429785954
WASP-174,6400,100,2.431,0.022,411.3533525298231,3.7226547740255485,0.9049773755656108,1.3765363617750186,0.018889925457428906,1.131977736060631,1.3359481473195458,0.028866801424988417,1.3727265027658513,0.02353141388234393,1.3411989113463947,0.021254708037744683,1.3499578538105974,0.029609054883437295,1.3494884546605754,1.3203897815832606,1.3796950316440835,0.08536112888845805,1.347,0.018,0.029536361775018616,0.002957853810597433
WASP-175,6229,100,1.825,0.0136,547.945205479452,4.083317695627698,0.7452054794520547,1.2318328074536224,0.017190765048734288,0.42000016776588445,1.1951818937129075,0.02722600479714128,1.2127590754738233,0.022473401566988738,1.2006264807495515,0.0205235021002326,1.2028558166454275,0.024693798457907746,1.202879989558825,1.178784253733137,1.2271508733714571,-0.016679370111879373,1.204,0.064,0.027832807453622488,-0.0011441833545724478
WASP-176,6100,100,1.666,0.0152,600.2400960384153,5.476380227961533,0.9123649459783915,1.8989705094604816,0.02811791146709293,-0.47526164713421604,1.910579362018498,0.04189447514905808,1.9811422124393525,0.0365208552521354,1.9456291756744635,0.030702891686846985,1.945783583377438,0.04662258170467698,1.946812961437689,1.899627541743536,1.9914753917455592,0.3139433470446013,1.925,0.047,-0.02602949053951842,0.02078358337743791
WASP-177,5017,70,5.813,0.0197,172.0282126268708,0.5829960070100386,0.3388955788749355,0.793769048006144,0.01004878395965684,-1.9375883262614508,0.8022163754522308,0.01742901586067803,0.7947830302881341,0.011711491891772587,0.7791969713894401,0.010940913430407746,0.7920654590432683,0.01669959399831402,0.7909547133579979,0.7755788706186664,0.8086118942921714,-1.8990465147277866,0.885,0.046,-0.091230951993856,-0.0929345409567317
WASP-180,6500,150,3.842,0.0302,260.28110359187923,2.045936837187598,0.7860489328474752,0.8705398379893581,0.016618460036634523,-5.131154830820201,0.9002931930939397,0.025794821193151674,0.972281344496573,0.019192363942868572,0.9670062083515524,0.017210802299963326,0.9465269153140216,0.03894525716199163,0.9576823559057798,0.8982276866671021,0.9823880278297661,-3.403725889981682,1.19,0.06,-0.31946016201064187,-0.2434730846859784
WASP-181,5839,70,2.322,0.0192,430.6632213608957,3.561039556472522,0.8268733850129198,1.0364948185145606,0.011498578820731985,1.6062328757742166,0.9977235921633575,0.020009061100126246,0.9943479517539774,0.016703334638656697,0.9917260667172563,0.014920473854227958,0.9945992035448639,0.017511946108360973,0.9943056262261405,0.977416727440322,1.0116166669342164,0.6375130245787656,0.965,0.043,0.07149481851456063,0.029599203544863895
WASP-182,5638,100,3.045,0.0155,328.4072249589491,1.671695233781186,0.5090311986863711,1.2245456373090127,0.019607452783330065,-3.2214498441726724,1.223049568197868,0.028862266891573063,1.2327639944438056,0.021330267862533746,1.2278235007584057,0.017628650551762107,1.2278790211333597,0.02342267237844774,1.2281102649603386,1.2056615069631453,1.2501974170934513,-2.9458416976530755,1.34,0.03,-0.11545436269098741,-0.11212097886664041
WASP-183,5313,72,3.123,0.0176,320.2049311559398,1.8045490836838103,0.563560678834454,0.9401985677378425,0.011242089140349848,1.7462004513044627,0.8932267630500519,0.01822348830468495,0.8866904883628948,0.013377595286838052,0.8723359300167476,0.011924216606665752,0.884084393809898,0.017142613877335615,0.8830428333064149,0.8671947754384658,0.9011235067418435,0.3138665707619638,0.871,0.038,0.0691985677378425,0.01308439380989801
WASP-184,6000,100,1.437,0.0165,695.8942240779401,7.9904347232331325,1.1482254697286014,1.782358262164485,0.026414415978451556,1.4111265223451748,1.7123682009011074,0.04108009717762314,1.7361401199030857,0.03405760246899304,1.716674003154182,0.032221939112824116,1.7217274413194585,0.037444882115004796,1.721636975585556,1.6849213648135712,1.7590349510203864,0.7358259534469435,1.65,0.09,0.13235826216448499,0.07172744131945863
WASP-185,5900,100,3.565,0.016,280.50490883590464,1.2589280620966266,0.44880785413744745,1.527751305254147,0.022469943824263212,0.3339679332555186,1.555641713595725,0.03518451197441935,1.5613125343076713,0.026177162472910624,1.5712460888232629,0.021562913770118347,1.562733445575553,0.028941174005759348,1.5632789453819471,1.53470531424321,1.5907345700409194,0.737398256099372,1.5,0.08,0.02775130525414693,0.06273344557555305
WASP-186,6361,105,3.527,0.0172,283.5270768358378,1.3826667767440914,0.48766657215764103,1.4701295751442718,0.020241083728869364,0.00455364570095842,1.51876507083735,0.03116962141259814,1.4983123427948062,0.02243974937783848,1.50609897207167,0.020053581718099834,1.5077254619012752,0.026395965525876416,1.5061994701851908,1.4823018277045288,1.5327560418757127,1.1391511137244226,1.47,0.02,0.0001295751442718096,0.03772546190127524
WASP-187,6150,92,2.778,0.0176,359.9712023038157,2.280595090189761,0.6335493160547156,2.5722652415885183,0.03212043724720017,-4.33690297809643,2.702468373688418,0.05528977764875486,2.690513054992633,0.04484570520503396,2.738488000463051,0.03795803919180478,2.7104898097147005,0.050845616048705085,2.712081511055909,2.6591119910243015,2.760820283022201,-1.6758982395046502,2.83,0.05,-0.25773475841148175,-0.11951019028529952
WASP-189,8000,80,10.1,0.0293,99.00990099009901,0.28722674247622787,0.29009900990099013,2.167271673153602,0.021215188859422376,-6.030421160633009,2.278334474788793,0.03078706982214994,2.3205580483260366,0.044710536748323586,2.3186355385916895,0.024950433456241542,2.3058426872355064,0.03960598333074661,2.3061881065935133,2.266356562442287,2.3431005556620446,-1.2630669222529363,2.365,0.025,-0.19772832684639807,-0.059157312764493764
WASP-190,6400,100,1.791,0.0233,558.3472920156337,7.263814575077758,1.3009491903964268,1.8255210560858803,0.026107021115779838,2.1820737154756658,1.8080287658401495,0.041391639396209115,1.7867671950372008,0.033766403071565546,1.766041350607467,0.033509573705986354,1.7869457704949392,0.04023933796053439,1.785085634233644,1.7473434717063705,1.8267394818673537,1.7343128810092365,1.6,0.1,0.22552105608588024,0.1869457704949391
WASP-192,5900,150,2.035,0.0168,491.4004914004913,4.056770641537224,0.8255528255528255,1.333316408528719,0.02851868589617898,0.1761744842092983,1.287462357740411,0.0391375024945411,1.3126043922539248,0.027826539047982247,1.295505417707999,0.02564011027666479,1.2985240559007782,0.03313114479438083,1.298795987537606,1.2667962351355835,1.3304039316604732,-0.27730703145849145,1.32,0.07,0.01331640852871896,-0.021475944099221822
